openalex_id,doi,pmid,title,publication_year,abstract,abstract_chars,abstract_source,abstract_word_count,concepts,topics,mesh_headings,mesh_species,pub_types,is_primary_research,species_mesh,chemicals,model_mesh,qualifiers,mesh_major
https://openalex.org/W4413878787,https://doi.org/10.1002/advs.202507554,40888605,Loss of Hepatic Angiotensinogen Attenuates Diastolic Dysfunction in Heart Failure with Preserved Ejection Fraction,2025,"Heart failure with preserved ejection fraction (HFpEF) is a prevalent complex syndrome characterized by diastolic dysfunction with limited therapeutic options. While the renin-angiotensin system (RAS) is implicated in heart failure pathogenesis, the causal contribution of angiotensinogen (AGT), the unique precursor of the RAS, to HFpEF remains undefined. Using a two-hits mouse HFpEF model (high-fat diet + L-NAME), consistent upregulation of hepatic and plasma AGT is identified in wild-type mice of both sexes. Critically, hepatocyte-specific AGT deletion directly ameliorated diastolic dysfunction in male and female HFpEF mice, whereas systemic angiotensin II blockade (losartan) failed to improve cardiac diastolic function. Mechanistically, hepatic AGT drove HFpEF through LRP2-mediated internalization in cardiac endothelial cells, suppressing the GATA2/Pim3 signaling axis, which inhibited microvascular angiogenesis and ultimately exacerbated diastolic dysfunction. To validate therapeutic potential, it is demonstrated that 18β-glycyrrhetinic acid - identified as a potent hepatic AGT inhibitor - significantly improved cardiac diastolic function in HFpEF mice. These findings establish hepatic AGT as a causal contributor to HFpEF pathogenesis and reveal its therapeutic targeting as a promising strategy.",1318,pubmed,172,Heart failure:0.7742; Heart failure with preserved ejection fraction:0.7387; Medicine:0.7041; Diastole:0.7024; Internal medicine:0.6722; Pathogenesis:0.6259; Ejection fraction:0.5958; Cardiology:0.5316; Angiotensin II:0.4975; Losartan:0.481; Cardiac function curve:0.4697; Diastolic heart failure:0.4541; Endocrinology:0.4224; Blood pressure:0.1269,Cardiovascular Function and Risk Factors:0.9983; Heart Failure Treatment and Management:0.9981; Renin-Angiotensin System Studies:0.9951,"Animals; Angiotensinogen; Mice; Heart Failure; Male; Stroke Volume; Disease Models, Animal; Female; Liver; Renin-Angiotensin System; Diastole; Mice, Inbred C57BL","Mice; Mice, Inbred C57BL",Journal Article,True,"Mice; Mice, Inbred C57BL",Angiotensinogen (11002-13-4),"Disease Models, Animal",Angiotensinogen/metabolism; Angiotensinogen/genetics; Heart Failure/metabolism; Heart Failure/physiopathology; Heart Failure/genetics; Stroke Volume/physiology; Liver/metabolism; Renin-Angiotensin System/physiology; Diastole/physiology,Angiotensinogen; Heart Failure; Stroke Volume; Liver
https://openalex.org/W4414162220,https://doi.org/10.1007/s00109-025-02579-0,40940528,Genetic deficiency of CCL5 exhibits the phenotypes of HFpEF and aggravates apoptotic cardiomyopathy in HFD-induced diabetic mice,2025,"The chemokine C-C motif ligand 5 (CCL5) has been implicated in both metabolic dysfunction and cardiovascular diseases; however, its specific role in the pathophysiology of diabetic cardiomyopathy and heart failure remains incompletely understood. This study investigates the impact of CCL5 on the progression of diabetic cardiomyopathy and heart failure. A mouse model of obesity, insulin resistance, and diabetes was established using mice subjected to a high-fat diet (HFD). The genetic deletion of CCL5 was performed to evaluate the consequences of CCL5 deletion on metabolic parameters and cardiac function. CCL5 knockout mice subjected to a 20-week HFD exhibited resistance to metabolic complications, including obesity, hypercholesterolemia, hyperinsulinemia, and insulin resistance. However, CCL5 deletion led to the development of heart failure with preserved ejection fraction (HFpEF), characterized by cardiomyocyte hypertrophy, increased cardiac and plasma ANP and BNP expression, diastolic dysfunction, myocardial fibrosis, inflammation, and apoptosis. Additionally, CCL5 deficiency exacerbated HFD-induced TUNEL signaling and increased the expression of apoptosis-related genes and proteins, contributing to apoptotic cardiomyopathy in HFD-induced diabetic mice. Our findings suggest that physiological levels of CCL5 have a detrimental impact on the metabolic phenotype in DM mice, while simultaneously as a modulator on cardiac remodeling. CCL5 deficiency can lead to the development of HFpEF, suggesting its critical involvement in cardiac remodeling. Despite its dual role, CCL5 appears to play a significant modulator in both cardiac remodeling and diabetic metabolism. Targeting CCL5 may represent a novel therapeutic approach for mitigating metabolic disturbances while preserving cardiac function in diabetic cardiomyopathy. KEY MESSAGES: The physiological levels of CCL5 have a detrimental impact on the systemic metabolism in HFD-induced diabetic mice, while simultaneously representing a modulator on cardiac remodeling. Deficiency of CCL5 exhibits HFpEF phenotypes and aggravates apoptotic cardiomyopathy in DM mice. This article is the first to reveal the dual role of CCL5 in systemic metabolism and cardiac remodeling, and provides valuable insights in diabetic cardiomyopathy and heart failure, potentially informing future therapeutic strategies.",2376,pubmed,319,Diabetic cardiomyopathy:0.8395; CCL5:0.7511; Heart failure:0.6447; Internal medicine:0.6023; Diabetes mellitus:0.5837; Cardiomyopathy:0.568; Medicine:0.5612; Endocrinology:0.533; Ejection fraction:0.4825; Phenotype:0.4418; Chemokine:0.4196; Cardiac function curve:0.387; Metabolic syndrome:0.3843; Dilated cardiomyopathy:0.3831; Knockout mouse:0.3712; Inflammation:0.3515; Insulin resistance:0.3404; Insulin:0.3309; Biology:0.3224; Ischemic cardiomyopathy:0.3062; Myocardial infarction:0.2883; Insulin receptor:0.2757; Apoptosis:0.2745; Pathophysiology:0.2741; Diastole:0.2703; Type 2 diabetes:0.2652; Cardiology:0.2538; Cancer research:0.2512; Transgene:0.2508,Pancreatic function and diabetes:0.9981; Cardiovascular Function and Risk Factors:0.9971; Cardiac Fibrosis and Remodeling:0.9966,"Animals; Chemokine CCL5; Apoptosis; Mice; Diet, High-Fat; Diabetic Cardiomyopathies; Mice, Knockout; Male; Phenotype; Diabetes Mellitus, Experimental; Heart Failure; Stroke Volume; Disease Models, Animal; Insulin Resistance; Mice, Inbred C57BL","Mice; Mice, Knockout; Mice, Inbred C57BL","Journal Article; Research Support, Non-U.S. Gov't",True,"Mice; Mice, Knockout; Mice, Inbred C57BL","Chemokine CCL5; Ccl5 protein, mouse","Diet, High-Fat; Disease Models, Animal","Chemokine CCL5/genetics; Chemokine CCL5/deficiency; Apoptosis/genetics; Diet, High-Fat/adverse effects; Diabetic Cardiomyopathies/genetics; Diabetic Cardiomyopathies/metabolism; Diabetic Cardiomyopathies/etiology; Diabetic Cardiomyopathies/pathology; Diabetes Mellitus, Experimental/metabolism; Diabetes Mellitus, Experimental/genetics; Diabetes Mellitus, Experimental/complications; Heart Failure/metabolism; Heart Failure/genetics; Heart Failure/etiology; Heart Failure/pathology","Chemokine CCL5; Apoptosis; Diabetic Cardiomyopathies; Diabetes Mellitus, Experimental; Heart Failure"
https://openalex.org/W4414173803,https://doi.org/10.1007/s00395-025-01138-5,40958035,Renal denervation attenuates cardiac dysfunction in HFpEF by inhibiting the ATP-P2X7-NLRP3 inflammasome axis,2025,"Heart failure with preserved ejection fraction (HFpEF) arises from intersecting comorbidities involving inflammation, metabolic stress, and sympathetic nervous system (SNS) activation. To mirror this complexity, we established a clinically oriented 3-hit mouse model combining advanced age, a high-fat diet, and chronic NOS inhibition with NG-Nitro-L-arginine methyl ester (L-NAME). We tested whether renal denervation (RDN) mitigates HFpEF by blunting SNS outflow and the ATP-P2X7-NLRP3 inflammasome axis, and in parallel probed the contribution of this pathway using pharmacologic and cellular approaches. 3-hit mice developed preserved ejection fraction with diastolic dysfunction, cardiomyocyte hypertrophy, interstitial fibrosis, impaired exercise capacity, and elevated inflammatory cytokines, accompanied by increased myocardial ATP, activation of P2X7/NLRP3 signaling, oxidative stress, and pyroptosis.RDN lowered systemic and myocardial norepinephrine, suppressed P2X7-NLRP3 inflammasome activation, reduced fibrosis and cardiomyocyte cross-sectional area, improved E/e' and exercise capacity, and reduced oxidative stress and myocardial injury. In pharmacological intervention experiments, selective blockade with the P2X7 antagonist A438079 or the NLRP3 inhibitor MCC950 improved diastolic function and exercise capacity and attenuated myocardial fibrosis and cardiomyocyte hypertrophy. Complementary mechanistic studies in cardiomyocytes (H9c2 and primary neonatal rat cardiomyocytes) showed that ATP induced mitochondrial ROS accumulation, inflammasome activation, cytokine release, and cell injury, which were partially reversed by P2X7 knockdown or pharmacological antagonism. Together, these data validate a multi-hit HFpEF model and implicate an SNS-driven ATP-P2X7-NLRP3 axis as a potential therapeutic target. Both RDN and selective pathway inhibition improved diastolic function and attenuated ventricular remodeling, and inform future therapeutic strategies for HFpEF characterized by heightened sympathetic tone.",2034,pubmed,247,Inflammasome:0.8145; Medicine:0.8016; Heart failure:0.6515; Internal medicine:0.578; Denervation:0.5424; Diastole:0.533; Fibrosis:0.5312; Cardiology:0.5267; Oxidative stress:0.5107; Cardiac function curve:0.4922; Myocardial fibrosis:0.4832; Ejection fraction:0.4808; Gene knockdown:0.4027; Pharmacology:0.3926; Endocrinology:0.3866; Cardiac fibrosis:0.3745; Heart failure with preserved ejection fraction:0.373; Inflammation:0.3444; Sympathetic nervous system:0.3235; Cytokine:0.3216; Ischemia:0.3143; Diabetic cardiomyopathy:0.2996; Kidney:0.2965; Ventricular remodeling:0.2949; Reactive oxygen species:0.2932; Antagonist:0.2854; Myocardial infarction:0.2729; Blockade:0.2602,Pulmonary Hypertension Research and Treatments:0.9988; Cardiovascular Issues in Pregnancy:0.9897; Congenital Heart Disease Studies:0.9891,"Animals; NLR Family, Pyrin Domain-Containing 3 Protein; Adenosine Triphosphate; Inflammasomes; Receptors, Purinergic P2X7; Kidney; Heart Failure; Male; Disease Models, Animal; Stroke Volume; Mice, Inbred C57BL; Mice; Signal Transduction; Rats; Ventricular Function, Left; Myocytes, Cardiac; Sympathectomy","Mice, Inbred C57BL; Mice; Rats","Journal Article; Research Support, Non-U.S. Gov't",True,"Mice, Inbred C57BL; Mice; Rats","NLR Family, Pyrin Domain-Containing 3 Protein; Adenosine Triphosphate (8L70Q75FXE); Inflammasomes; Receptors, Purinergic P2X7; Nlrp3 protein, mouse; P2rx7 protein, mouse","Disease Models, Animal","NLR Family, Pyrin Domain-Containing 3 Protein/metabolism; Adenosine Triphosphate/metabolism; Inflammasomes/metabolism; Receptors, Purinergic P2X7/metabolism; Kidney/innervation; Heart Failure/physiopathology; Heart Failure/metabolism; Myocytes, Cardiac/metabolism; Myocytes, Cardiac/pathology","NLR Family, Pyrin Domain-Containing 3 Protein; Adenosine Triphosphate; Inflammasomes; Receptors, Purinergic P2X7; Kidney; Heart Failure; Stroke Volume; Ventricular Function, Left; Sympathectomy"
https://openalex.org/W4414264128,https://doi.org/10.1016/j.jare.2025.09.016,40953669,Mitochondrial dysfunction drives ZBP1-mediated PANoptosis to increase the susceptibility of heart failure with preserved ejection fraction-associated atrial fibrillation,2025,"INTRODUCTION: Heart failure with preserved ejection fraction (HFpEF) is frequently complicated by atrial fibrillation (AF), but underlying molecular mechanisms remain poorly defined. Mitochondrial dysfunction drives ZBP1-mediated PANoptosis is crucial in understanding the progression of HFpEF-associated AF and exploring novel therapeutic avenues. OBJECTIVES: This study investigates the Z-DNA binding protein 1 (ZBP1) as a critical mediator linking mitochondrial dysfunction with PANoptosis by sensing mitochondrial Z-DNA (mtZ-DNA) in HFpEF-associated AF. METHODS: Variety of in vivo and in vitro experimental approaches were employed, majorly including HFpEF mouse model establishment, Histological staining, RNA sequencing, Western blotting, co-immunoprecipitation, Transmission electron microscopy (TEM) and confocal imaging. RESULTS: In a ""Two-hit"" HFpEF mouse model, we observed increased AF susceptibility with prolonged modeling. Additionally, bioinformatics analysis and in vivo and in vitro studies highlighted progressive ZBP1-mediated PANoptosis accompanied by mitochondrial dysfunction in HFpEF atria. Inflammation and cardiomyocyte loss caused by PANoptosis contributed to atrial remodeling and AF. Also, NAD+ depletion in HFpEF cardiomyocytes downregulated mitochondrial topoisomerases (TOP3A and TOP1MT) and mitochondrial DNA (mtDNA) stress, promoting mtZ-DNA formation. ZBP1 sensed and stabilized Z-DNA via its Zα1 domain and recruited Receptor-Interacting Protein Kinases (RIPKs) and Caspase8 to assemble the PANoptosome and initiate PANoptosis. Silencing Zbp1 alleviated atrial remodeling and reduced AF vulnerability. Moreover, NAD+ supplementation suppressed Z-DNA formation and ZBP1 activation by improving mitochondrial dysfunction. These findings identify ZBP1 as a molecular bridge between mitochondrial dysfunction and PANoptosis, highlighting its central role in HFpEF-associated AF pathogenesis. Targeting this axis may provide a promising therapeutic strategy combatting AF in HFpEF. CONCLUSIONS: These findings identify ZBP1 as a molecular bridge between mitochondrial dysfunction and PANoptosis by sensing mitochondrial Z-DNA, highlighting its central role in HFpEF-associated AF pathogenesis. Targeting this axis may provide a promising therapeutic strategy combatting AF in HFpEF.",2314,pubmed,288,Cardiology:0.7372; Internal medicine:0.7038; Medicine:0.69; Heart failure with preserved ejection fraction:0.5262; Atrial fibrillation:0.5058; Heart failure:0.4135; Cardiac dysfunction:0.3669; Mitochondrial DNA:0.3407; Mitochondrion:0.3355; Bridge (graph theory):0.3222,Cardiovascular Function and Risk Factors:0.238; Mitochondrial Function and Pathology:0.1529; Cardiac Fibrosis and Remodeling:0.1083,"Animals; Heart Failure; Atrial Fibrillation; Mice; Stroke Volume; RNA-Binding Proteins; Disease Models, Animal; Myocytes, Cardiac; Male; DNA-Binding Proteins; Mitochondria; Mitochondria, Heart; DNA, Mitochondrial; Humans; Necroptosis",Mice; Humans,"Journal Article; Research Support, Non-U.S. Gov't",True,Mice; Humans,"RNA-Binding Proteins; Zbp1 protein, mouse; DNA-Binding Proteins; DNA, Mitochondrial","Disease Models, Animal","Heart Failure/metabolism; Heart Failure/physiopathology; Heart Failure/complications; Atrial Fibrillation/metabolism; Atrial Fibrillation/physiopathology; Atrial Fibrillation/etiology; RNA-Binding Proteins/metabolism; RNA-Binding Proteins/genetics; Myocytes, Cardiac/metabolism; Myocytes, Cardiac/pathology; DNA-Binding Proteins/metabolism; DNA-Binding Proteins/genetics; Mitochondria/metabolism; Mitochondria, Heart/metabolism; DNA, Mitochondrial/metabolism; DNA, Mitochondrial/genetics","Heart Failure; Atrial Fibrillation; Stroke Volume; RNA-Binding Proteins; DNA-Binding Proteins; Mitochondria; Mitochondria, Heart"
https://openalex.org/W4414277398,https://doi.org/10.1113/ep092628,40961452,"Atrial fibrillation, sinoatrial and atrioventricular node dysfunction in a mouse model of heart failure with preserved ejection fraction",2025,"Millions of people are affected by atrial fibrillation (AF) and heart failure with preserved ejection fraction (HFpEF), two disorders frequently found simultaneously. However, the interrelationship between these intertwined disorders is poorly understood, partly owing to the lack of preclinical models. We aimed to evaluate whether a recently developed mouse model of HFpEF could also be used as a model of AF and, potentially, to study the co-occurrence and interrelationship between the two conditions. Mice were fed a dietary regimen of high-fat diet and Nω-nitro-l-arginine methyl ester in the drinking water to induce HFpEF. Twenty-four-hour ECG recordings acquired by telemetry were analysed for autonomic imbalance. After 24 h ECG recording, mice received isoprenaline, and a further 1 h of recording was assessed for chronotropic incompetence, susceptibility to atrial arrhythmia and conduction impairment. Evaluation of diastolic function was achieved by transcarotid catheterization and histological analysis performed on the hearts. Resting heart rate was significantly increased after 3 weeks of the dietary regimen, with a trend observed as early as 1 week. Premature atrial contractions, sinus pauses and atrioventricular blocks occurred significantly after 3 weeks of the dietary regimen. Significant diastolic dysfunction, chronotropic incompetence and higher occurrence of AF after isoprenaline stimulation were observed in the HFpEF group at 6 weeks of the dietary regimen. Our study revealed that sinoatrial node and atrial dysfunction precede the simultaneous occurrence of AF, diastolic dysfunction and chronotropic incompetence. This mouse HFpEF model might be helpful for studying the interdependence between AF and HFpEF.",1746,pubmed,247,Chronotropic:0.9068; Medicine:0.8207; Cardiology:0.82; Internal medicine:0.8119; Atrial fibrillation:0.6929; Diastole:0.6703; Diastolic depolarization:0.6024; Heart failure with preserved ejection fraction:0.5743; Sinoatrial node:0.5682; Heart failure:0.5057; Ejection fraction:0.5056; Atrioventricular node:0.4389; Heart rate:0.4373; Atrium (architecture):0.3519; Cardiac catheterization:0.3166; Electrocardiography:0.2996; Cardiac function curve:0.2966; Electrical conduction system of the heart:0.2948; Atrioventricular block:0.2655; Isoprenaline:0.2654; Hemodynamics:0.2634; Heart rate variability:0.2577; Ventricle:0.2577; Stimulation:0.2543; Sinus rhythm:0.2541; Diastolic function:0.2503,Cardiovascular Function and Risk Factors:0.9997; Atrial Fibrillation Management and Outcomes:0.9993; Cardiac electrophysiology and arrhythmias:0.998,"Animals; Atrial Fibrillation; Heart Failure; Sinoatrial Node; Stroke Volume; Mice; Disease Models, Animal; Atrioventricular Node; Heart Rate; Male; Mice, Inbred C57BL; Isoproterenol; Diet, High-Fat; Electrocardiography","Mice; Mice, Inbred C57BL",Journal Article,True,"Mice; Mice, Inbred C57BL",Isoproterenol (L628TT009W),"Disease Models, Animal; Diet, High-Fat",Atrial Fibrillation/physiopathology; Heart Failure/physiopathology; Sinoatrial Node/physiopathology; Stroke Volume/physiology; Atrioventricular Node/physiopathology; Heart Rate/physiology; Isoproterenol/pharmacology; Electrocardiography/methods,Atrial Fibrillation; Heart Failure; Sinoatrial Node; Stroke Volume; Atrioventricular Node
https://openalex.org/W4414293178,https://doi.org/10.1161/circresaha.124.326042,40959880,Dysregulated Protein s -Nitrosylation Promotes Nitrosative Stress and Disease Progression in Heart Failure With Preserved Ejection Fraction,2025,"BACKGROUND: Recent studies suggest aberrant elevation of iNOS (inducible NO synthase) expression and excessive protein s-nitrosylation promote the pathogenesis of heart failure with preserved ejection fraction (HFpEF). However, the interplay between NO bioavailability, enzymatic regulation of protein s-nitrosylation by transnitrosylase and denitrosylase, and HFpEF progression remains poorly defined. We investigated the molecular basis of nitrosative stress in HFpEF, focusing on alterations in NO signaling and regulation of protein s-nitrosylation. METHODS: Circulating nitrite (NO bioavailability) and nitrosothiols were quantified in patients with HFpEF. Parallel studies using rodent models of cardiometabolic HFpEF were performed to evaluate cardiac function, NO signaling, and total nitroso species during disease progression. Single-nucleus RNA sequencing and proteomic analysis were conducted to identify regulatory genes and cellular targets of pathological s-nitrosylation. RESULTS: In patients with HFpEF, circulating nitrosothiols were significantly elevated, indicating heightened nitrosative stress, whereas nitrite levels remained unchanged. In ZSF1 Obese (ob) rats, NO bioavailability declined with age, whereas total nitroso species progressively increased as HFpEF worsened. Transcriptomic analysis revealed marked upregulation of a transnitrosylase HBb (hemoglobin-β subunit), validated in both rat and human HFpEF hearts. Enzymatic assays demonstrated aberrant functions of Trx2 (thioredoxin 2) and GSNOR (S-nitrosoglutathione reductase) in ZSF1 Ob hearts. Cell-based experiments confirmed that altered expression or function of HBb, Trx2, and GSNOR resulted in elevated cellular RxNO. Additionally, similar dysregulation of s-nitrosylation dynamics was observed in the peripheral organs, such as the kidneys and liver, in HFpEF. CONCLUSIONS: These data demonstrate that nitrosative stress, evidenced by dysregulated protein s-nitrosylation occurs in the heart and peripheral organs in cardiometabolic HFpEF. Pathological alterations in NO bioavailability resulting from alterations in NOS expression or function alone do not account for this phenotype. Instead, pathological protein s-nitrosylation results in part from the imbalance between transnitrosylase and denitrosylase function. Restoration of physiological levels of protein s-nitrosylation and NO signaling may represent an effective therapeutic target for HFpEF.",2448,pubmed,310,Pathological:0.6998; Heart failure:0.6806; Heart failure with preserved ejection fraction:0.6234; Medicine:0.5797; Internal medicine:0.5452; Disease:0.4975; Peripheral:0.4339; Endocrinology:0.4186; Cardiology:0.3941; Protein expression:0.3926; Mitochondrion:0.3303; Heart disease:0.3223; Signal transduction:0.309; Pressure overload:0.2989; Biology:0.2978; Function (biology):0.2974; Ejection fraction:0.2964; Pathophysiology:0.2815; Bioavailability:0.279; Ventricular function:0.2748; Pharmacology:0.2688; Oxidative stress:0.2682; Hemodynamics:0.2526; Inflammation:0.2514,Nitric Oxide and Endothelin Effects:0.9997; Cardiovascular Function and Risk Factors:0.9987; Heart Failure Treatment and Management:0.9956,"Animals; Heart Failure; Humans; Nitrosative Stress; Male; Disease Progression; Stroke Volume; Female; Nitric Oxide; Rats; Aged; Middle Aged; Disease Models, Animal; Aldehyde Oxidoreductases; Nitric Oxide Synthase Type II; Rats, Zucker","Humans; Rats; Rats, Zucker",Journal Article,True,"Humans; Rats; Rats, Zucker",Nitric Oxide (31C4KY9ESH); Aldehyde Oxidoreductases (EC 1.2.-); Nitric Oxide Synthase Type II (EC 1.14.13.39),"Disease Models, Animal",Heart Failure/physiopathology; Heart Failure/metabolism; Heart Failure/genetics; Nitric Oxide/metabolism; Aldehyde Oxidoreductases/metabolism; Nitric Oxide Synthase Type II/metabolism,Heart Failure; Nitrosative Stress; Stroke Volume
https://openalex.org/W4414546019,https://doi.org/10.3390/ijms26199383,41096654,TRPC6 Deficiency Attenuates Mitochondrial and Cardiac Dysfunction in Heart Failure with Preserved Ejection Fraction Induced by High-Fat Diet Plus L-NAME,2025,"Transient receptor potential canonical channel type 6 (TRPC6), a non-selective cation channel that mediates Ca2+ influx, is expressed in the heart and implicated in pathological cardiac hypertrophy. However, the role of TRPC6 in regulating cardiac mitochondrial metabolism and contributing to development of HFpEF remains unclear. We examined whether TRPC6 deficiency prevents mitochondrial dysfunction and offers cardiac protection in a mouse model of HFpEF induced by high-fat diet (HFD) for 12 weeks combined with L-NAME administration during the final 8 weeks in TRPC6 knockout (KO) and wild-type (WT) control mice. Cardiac systolic and diastolic functions were assessed at baseline, 4 and 8 weeks after HFD+L-NAME. Dobutamine-induced stress test and treadmill exercise test were performed at the end of the protocol to evaluate cardiac reserve capacity and exercise tolerance. Mitochondrial oxygen consumption rate (OCR) and mitochondrial-derived reactive oxygen species (ROS) generation were examined in isolated cardiac fibers. WT mice subjected to HFD+L-NAME developed cardiac hypertrophy, diastolic dysfunction, and exercise intolerance, whereas TRPC6 KO mice, under the same conditions, maintained preserved diastolic function, exercise tolerance, and cardiac reserve. We also observed increased TRPC6 in mitochondria, as well as caspase-9 activation and impaired mitochondrial respiration in WT mice. In contrast, TRPC6 KO mice exhibited preserved mitochondrial OCR and attenuated mitochondrial ROS generation. In summary, TRPC6 deficiency prevents the development of HFpEF by mitigating diastolic dysfunction, preserving cardiac reserve capacity, and attenuating mitochondrial dysfunction.",1701,pubmed,229,TRPC6:0.8873; Heart failure with preserved ejection fraction:0.7901; Internal medicine:0.7023; Diastole:0.672; Cardiology:0.5879; Reactive oxygen species:0.5817; Medicine:0.5472; Endocrinology:0.5366; Heart failure:0.5117; Mitochondrial ROS:0.474; Cardiac output:0.4599; Cardiac function curve:0.4571; Cardiac muscle:0.4379; Mitochondrion:0.4327; Ejection fraction:0.4302; Heart rate:0.3524; Knockout mouse:0.3283; Oxidative stress:0.3015; Cardiovascular physiology:0.2811; Cardiac dysfunction:0.28,Cardiovascular Effects of Exercise:0.9143,"Animals; Diet, High-Fat; Mice; TRPC6 Cation Channel; Mice, Knockout; Heart Failure; Mitochondria, Heart; Male; NG-Nitroarginine Methyl Ester; Reactive Oxygen Species; Disease Models, Animal; Stroke Volume; Cardiomegaly; Mice, Inbred C57BL; Oxygen Consumption","Mice; Mice, Knockout; Mice, Inbred C57BL",Journal Article,True,"Mice; Mice, Knockout; Mice, Inbred C57BL","TRPC6 Cation Channel; NG-Nitroarginine Methyl Ester (V55S2QJN2X); Reactive Oxygen Species; Trpc6 protein, mouse","Diet, High-Fat; Disease Models, Animal","Diet, High-Fat/adverse effects; TRPC6 Cation Channel/deficiency; TRPC6 Cation Channel/genetics; TRPC6 Cation Channel/metabolism; Heart Failure/metabolism; Heart Failure/physiopathology; Heart Failure/etiology; Heart Failure/genetics; Mitochondria, Heart/metabolism; NG-Nitroarginine Methyl Ester/adverse effects; NG-Nitroarginine Methyl Ester/pharmacology; Reactive Oxygen Species/metabolism; Cardiomegaly/metabolism","Diet, High-Fat; TRPC6 Cation Channel; Heart Failure; Mitochondria, Heart; NG-Nitroarginine Methyl Ester; Stroke Volume"
https://openalex.org/W4414599030,https://doi.org/10.1536/ihj.25-305,41034032,Epinephrine and Depletion of Female Sex Hormone Exacerbate the Pathology of Obesity-Induced Cardiac Phenotype,2025,"Heart failure is associated with poor quality of life and mortality, and the prevalence of heart failure is increasing together with aging of the population. Approximately 50% of patients with heart failure present as HFpEF, and the survival of HFpEF patients is as poor as that of HFrEF patients. Furthermore, therapies for HFpEF are limited and are not proven to improve prognosis, except for SGLT2 inhibitors. HFpEF is more prevalent in women and the risk of HFpEF increases more drastically with aging in women than men. HFpEF is a syndrome with multiple comorbidities, and modeling HFpEF in animal models has been attempted by reproducing major comorbidities highly associated with human HFpEF. In order to elucidate the female-specific mechanisms of HFpEF, we established a new mouse model by applying additional stressors on the basis of obesity and post-menopausal model. Ovariectomy or epinephrine injection was added to a high-fat diet-induced obesity model. Ovariectomy exacerbates obesity and serial epinephrine injections ameliorate obesity. Exercise tolerance in treadmill testing was inversely correlated with body weight, and was reduced more than expected based on body weight in mice that underwent ovariectomy and epinephrine injection (OVX + Epi group). In a pressure-volume analysis, the end-diastolic pressure at afterload increase was significantly high in OVX + Epi mice, which is considered to reflect left ventricular diastolic dysfunction. In conclusion, this study demonstrated that epinephrine and depletion of female sex hormone by ovariectomy reproduce the pathology of obesity-induced cardiac phenotype, which might represent an early phase of HFpEF conditions.",1693,pubmed,250,Medicine:0.9493; Epinephrine:0.803; Internal medicine:0.7043; Heart failure:0.7005; Diastole:0.6109; Endocrinology:0.5396; Cardiology:0.4756; Hormone:0.47; Heart failure with preserved ejection fraction:0.4589; Blood pressure:0.4446; Obesity:0.43; Afterload:0.3944; Weight loss:0.3458; Diabetes mellitus:0.3153; Sex characteristics:0.3053; Pressure overload:0.2743; Stressor:0.2714; Impaired glucose tolerance:0.2684,Hormonal Regulation and Hypertension:0.9672,"Animals; Obesity; Female; Mice; Epinephrine; Disease Models, Animal; Heart Failure; Ovariectomy; Phenotype; Gonadal Steroid Hormones; Mice, Inbred C57BL; Diet, High-Fat; Exercise Tolerance","Mice; Mice, Inbred C57BL",Journal Article,True,"Mice; Mice, Inbred C57BL",Epinephrine (YKH834O4BH); Gonadal Steroid Hormones,"Disease Models, Animal; Ovariectomy; Diet, High-Fat","Obesity/complications; Obesity/physiopathology; Epinephrine/pharmacology; Heart Failure/etiology; Heart Failure/physiopathology; Gonadal Steroid Hormones/deficiency; Diet, High-Fat/adverse effects",Obesity; Epinephrine; Heart Failure; Gonadal Steroid Hormones
https://openalex.org/W4414610827,https://doi.org/10.1242/dmm.052207,41020515,Noncoding and coding mechanisms of aging-related heart failure with preserved ejection fraction associated with thyroid dysfunction,2025,"Heart failure with preserved ejection fraction (HFpEF) is a lethal, heterogeneous, geriatric syndrome. Long noncoding RNAs (lncRNAs) constitute the majority of the functional mammalian transcriptome and are key regulators in complex pathophysiological processes. However, the roles of lncRNAs in aging HFpEF associated with thyroid hormone (TH) dysfunction are unclear. We used the well-established ZSF1 rat model to investigate early and severe age-related HFpEF in 5-, 13- or 20-months-old (mo) animals. Both serum THs significantly decreased in HFpEF in a temporal manner. Echocardiograms showed preserved cardiac function. Gravimetric and histologic analyses showed significant cardiac hypertrophy in HFpEF. Microarrays and RT-qPCR revealed that three lncRNAs were significantly increased predominantly in 13-mo HFpEF. Knockdown of lncRNA showed improvement in cell viability, which was further enhanced with T3 (active TH). Microarray analyses showed that two mRNAs were significantly altered in early HFpEF. We also identified previously unreported tissue and serum inflammatory cytokine markers in early and late HFpEF. Taken together, we have shown novel noncoding and coding markers in early- and/or late-aging-related hypothyroid HFpEF. Further studies may develop translatable diagnostic and therapeutic targets for HFpEF.",1333,pubmed,181,Heart failure with preserved ejection fraction:0.6971; Heart failure:0.6669; Transcriptome:0.64; Gene knockdown:0.6361; Internal medicine:0.5696; Thyroid:0.5607; Long non-coding RNA:0.5403; Microarray:0.5001; Ejection fraction:0.4602; Medicine:0.4537; Biology:0.4422; Cardiac hypertrophy:0.4378; Muscle hypertrophy:0.4319; Hormone:0.4161; Endocrinology:0.3607; Cardiology:0.3568; Non-coding RNA:0.335; Microarray analysis techniques:0.3277; Thyroid dysfunction:0.2996; Pathophysiology:0.2944; Tissue microarray:0.2914; DNA microarray:0.2901; Pathology:0.2866; Bioinformatics:0.2822; Diastole:0.2792; Ageing:0.2689; Cardiac myocyte:0.2608; Thyroid hormones:0.2526,Cancer-related molecular mechanisms research:0.9998; RNA modifications and cancer:0.9798,"Animals; Aging; Heart Failure; Stroke Volume; RNA, Long Noncoding; Rats; Male; RNA, Messenger; Thyroid Hormones; Thyroid Diseases; Gene Expression Regulation; Thyroid Gland; Cytokines; Cardiomegaly; Cell Survival",Rats,"Journal Article; Research Support, N.I.H., Extramural; Research Support, Non-U.S. Gov't",True,Rats,"RNA, Long Noncoding; RNA, Messenger; Thyroid Hormones; Cytokines",,"Aging/genetics; Aging/pathology; Heart Failure/physiopathology; Heart Failure/genetics; Heart Failure/blood; Heart Failure/complications; Stroke Volume/genetics; RNA, Long Noncoding/genetics; RNA, Long Noncoding/metabolism; RNA, Messenger/genetics; RNA, Messenger/metabolism; Thyroid Hormones/blood; Thyroid Diseases/physiopathology; Thyroid Diseases/complications; Thyroid Diseases/genetics; Thyroid Gland/physiopathology; Cytokines/blood; Cardiomegaly/physiopathology; Cardiomegaly/genetics","Aging; Heart Failure; Stroke Volume; RNA, Long Noncoding; Thyroid Diseases; Thyroid Gland"
https://openalex.org/W4414715931,https://doi.org/10.1093/cvr/cvaf169,41032675,RRAD-reduction reveals efficacy of targeting L-type calcium channel regulation for treatment of heart failure,2025,"AIMS: Heart failure with reduced ejection fraction (HFrEF) is a major health problem. Increasing L-type calcium channel (LTCC) activity deteriorates heart function; however, myocardial RRAD knockout (cRADΔ/Δ) instills tonic modulated LTCC current (ICa,L) that preserves healthy myocardium. Thus, we chose to challenge the dogma that enhanced trigger Ca2+ is maladaptive. The study objective was to test the hypothesis that modulated ICa,L in cRADΔ/Δ mice rescues dilated cardiomyopathy by providing tonic modulated trigger Ca2+. METHODS AND RESULTS: Mouse and human models were tested. The muscle lim protein knockout mouse (MLPKO) is a murine model of dilated cardiomyopathy (DCM) and HFrEF. The experimental timeline was to induce cRADΔ/Δ after onset of DCM (2.5 months of age) and follow subjects for up to 1-year. Longitudinal echocardiography and cardiac magnetic resonance imaging (CMR) showed that cRADΔ/Δ intervention rescued systolic function. Patch clamp recordings of isolated cardiomyocytes of MLPKO with cRADΔ/Δ demonstrated augmented LTCC activity, along with rescue of dysfunctional Ca2+ handling and sarcomere function. Bulk RNAseq of hearts demonstrated down-regulated pathological signalling cascades and pro-hypertrophic gene expression which comported with the reduction in eccentric hypertrophy observed with gravimetrics, CMR, and echocardiography. RRAD knockdown effects translate from mouse to human heart. Ventricle slices from HFrEF patients were treated with lentiviral shRNA targeting RRAD and recapitulated the inotropic and lusitropic effects observed in the mouse model of DCM. CONCLUSION: Induction of cardiomyocyte-restricted RAD knockout in MLPKO mice after onset of DCM rescued cardiac dysfunction and attenuated pathological remodelling. cRADΔ/Δ intervention provided positive inotropy and lusitropy and reverted transcriptional signatures towards healthy myocardium. This study introduces targeting myocardial RAD regulation of the LTCC as a novel therapeutic strategy for systolic heart failure.",2033,pubmed,275,Heart failure:0.8683; Medicine:0.6897; Inotrope:0.5726; Cardiology:0.5527; Internal medicine:0.5457; Cardiac dysfunction:0.4953; Knockout mouse:0.449; Pathological:0.4178; Calcium:0.3993; Contractility:0.396; Circulatory system:0.3401; Pharmacology:0.3363; Downregulation and upregulation:0.3349; Heart disease:0.3147; Calcium channel:0.3113; Endocrinology:0.2881; Calcium signaling:0.2873; Cardiac function curve:0.2696; Diastole:0.2608; Preclinical research:0.2517,Cardiac electrophysiology and arrhythmias:0.6348; Ion channel regulation and function:0.0794; Congenital heart defects research:0.0509,"Animals; Calcium Channels, L-Type; Humans; Disease Models, Animal; Heart Failure; Myocytes, Cardiac; Cardiomyopathy, Dilated; Mice, Knockout; Ventricular Function, Left; Calcium Signaling; Male; Muscle Proteins; LIM Domain Proteins; Stroke Volume; Mice, Inbred C57BL; Ventricular Remodeling; Female; Recovery of Function; ras Proteins","Humans; Mice, Knockout; Mice, Inbred C57BL","Journal Article; Research Support, U.S. Gov't, Non-P.H.S.; Research Support, N.I.H., Extramural",True,"Humans; Mice, Knockout; Mice, Inbred C57BL","Calcium Channels, L-Type; Rrad protein, mouse; Muscle Proteins; LIM Domain Proteins; Cacna1d protein, mouse; ras Proteins (EC 3.6.5.2)","Disease Models, Animal","Calcium Channels, L-Type/metabolism; Calcium Channels, L-Type/genetics; Calcium Channels, L-Type/drug effects; Heart Failure/metabolism; Heart Failure/physiopathology; Heart Failure/genetics; Heart Failure/therapy; Myocytes, Cardiac/metabolism; Myocytes, Cardiac/pathology; Myocytes, Cardiac/drug effects; Cardiomyopathy, Dilated/metabolism; Cardiomyopathy, Dilated/physiopathology; Cardiomyopathy, Dilated/genetics; Cardiomyopathy, Dilated/therapy; Calcium Signaling/drug effects; Muscle Proteins/genetics; Muscle Proteins/metabolism; Muscle Proteins/deficiency; LIM Domain Proteins/genetics; LIM Domain Proteins/metabolism; LIM Domain Proteins/deficiency","Calcium Channels, L-Type; Heart Failure; Myocytes, Cardiac; Cardiomyopathy, Dilated; Ventricular Function, Left; Calcium Signaling; Muscle Proteins; LIM Domain Proteins"
https://openalex.org/W4415140610,https://doi.org/10.1016/j.bbrc.2025.152802,41101240,Mild transverse aortic constriction and continuous aldosterone administration induce heart failure with preserved ejection fraction,2025,"The mechanisms of heart failure with preserved ejection fraction (HFpEF) remain poorly understood, partly due to the lack of reliable animal models. We aimed to establish a more adaptable HFpEF model by focusing on pressure overload-induced hypertrophy and neurohumoral factors. Mild transverse aortic constriction (TAC) using a 25G needle or a sham operation was performed on C57BL/6 mice. One week later, aldosterone (2 μg/mouse/day) or vehicle was administered subcutaneously via osmotic minipumps. Four weeks later, echocardiography was performed, followed by tissue collection. Echocardiography showed a significant increase in left ventricular (LV) mass in the TAC and aldosterone (TAC + Ald) group compared with controls. In treadmill testing, the TAC + Ald group exhibited significantly reduced running distance. Pressure-volume loop analysis revealed an elevated end-diastolic pressure-volume relationship, indicating LV diastolic dysfunction. Both LV and lung weights were significantly increased, indicating LV hypertrophy and pulmonary congestion. Histology showed a greater cardiomyocyte cross-sectional area in the TAC + Ald group. Additionally, expression levels of fibrosis- and hypertrophy-related genes were significantly upregulated. In conclusion, the TAC + Ald model reproduces key features of HFpEF pathophysiology and may serve as a valuable platform for mechanistic and therapeutic studies.",1414,pubmed,193,Aldosterone:0.8334; Internal medicine:0.7507; Cardiology:0.7401; Medicine:0.7105; Constriction:0.6632; Heart failure with preserved ejection fraction:0.6179; Muscle hypertrophy:0.5665; Heart failure:0.5552; Diastole:0.5525; Pathophysiology:0.4745; Ejection fraction:0.4478; Cardiac hypertrophy:0.4369; Hemodynamics:0.4022; Pressure overload:0.3909; Left ventricular hypertrophy:0.3725; Blood pressure:0.3105; Stroke volume:0.304; End-diastolic volume:0.3019; Cardiac output:0.3003; Lung:0.288; Fibrosis:0.261; Ventricular pressure:0.2594; Spironolactone:0.2541,Hormonal Regulation and Hypertension:0.9996; Cardiovascular Function and Risk Factors:0.9993; Heart Failure Treatment and Management:0.9979,"Animals; Heart Failure; Mice, Inbred C57BL; Stroke Volume; Aldosterone; Male; Disease Models, Animal; Mice; Hypertrophy, Left Ventricular; Aorta; Echocardiography","Mice, Inbred C57BL; Mice","Journal Article; Research Support, Non-U.S. Gov't",True,"Mice, Inbred C57BL; Mice",Aldosterone (4964P6T9RB),"Disease Models, Animal","Heart Failure/physiopathology; Heart Failure/etiology; Heart Failure/pathology; Stroke Volume/drug effects; Aldosterone/administration & dosage; Aldosterone/pharmacology; Hypertrophy, Left Ventricular/physiopathology; Aorta/pathology",Heart Failure; Stroke Volume; Aldosterone; Aorta
https://openalex.org/W4415300734,https://doi.org/10.1093/cvr/cvaf171,41104480,Rbm20 antisense oligonucleotides alleviate diastolic dysfunction in a mouse model of cardiometabolic heart failure (HFpEF),2025,"AIMS: Heart failure with preserved ejection fraction (HFpEF) is prevalent, deadly, and difficult to treat. Risk factors such as obesity and hypertension contribute to cardiac inflammation, metabolic defects, and pathological remodelling that impair ventricular filling in diastole. Titin based stiffness is a main determinant of diastolic function and can be adjusted by the splicing regulator RNA binding motif protein 20 (RBM20). Inhibition of RBM20 using antisense oligonucleotides (ASOs) induces expression of compliant titin isoforms, which reduce stiffness. However, dose finding and documenting utility in primarily cardiometabolic disease remains challenging. METHODS AND RESULTS: Here, we optimized RBM20-ASO dosing in a HFpEF mouse model that closely mimics human disease, characterized by metabolic syndrome and comorbidities, but without primary defects in titin or RBM20. Partial inhibition of RBM20 (∼50%) selectively increased compliant titin isoforms, improving diastolic function while preserving systolic performance. This intervention reduced left ventricular stiffness, enhanced relaxation, and mitigated cardiac hypertrophy, despite ongoing systemic comorbidities. CONCLUSION: Our findings demonstrate that targeting titin stiffness with Rbm20-ASOs can serve as an alternative or adjunctive therapeutic strategy for HFpEF to restore cardiac function and prevent further organ damage. The approach may offer benefits even in the presence of phenotypic heterogeneity and unresolved systemic comorbidities.",1524,pubmed,200,Titin:0.8442; Medicine:0.7674; Heart failure:0.747; Cardiology:0.7109; Diastole:0.6971; Internal medicine:0.6648; Diastolic function:0.5861; Cardiac function curve:0.4827; Cardiac dysfunction:0.422; Arterial stiffness:0.3931; Diastolic heart failure:0.3692; Disease:0.3354; Cardiomyopathy:0.303; Function (biology):0.3009; Phenotype:0.2943; Heart disease:0.2859; Heart failure with preserved ejection fraction:0.2624; Systole:0.2614; Blood pressure:0.2552; Compliance (psychology):0.2513,Cardiomyopathy and Myosin Studies:0.8302; Congenital heart defects research:0.0605; Cardiovascular Function and Risk Factors:0.0446,"Animals; Disease Models, Animal; Connectin; Ventricular Function, Left; Mice, Inbred C57BL; Oligonucleotides, Antisense; RNA-Binding Proteins; Stroke Volume; Male; Ventricular Dysfunction, Left; Heart Failure; Metabolic Syndrome; Heart Failure, Diastolic; Diastole; Recovery of Function; Ventricular Remodeling; Mice; Protein Kinases","Mice, Inbred C57BL; Mice","Journal Article; Research Support, N.I.H., Extramural",True,"Mice, Inbred C57BL; Mice","Connectin; Oligonucleotides, Antisense; RNA-Binding Proteins; RBM20 protein, mouse; titin protein, mouse (EC 2.7.11.1); Protein Kinases (EC 2.7.-)","Disease Models, Animal","Connectin/metabolism; Connectin/genetics; Ventricular Function, Left/drug effects; Oligonucleotides, Antisense/pharmacology; Oligonucleotides, Antisense/administration & dosage; Oligonucleotides, Antisense/genetics; RNA-Binding Proteins/genetics; RNA-Binding Proteins/metabolism; Stroke Volume/drug effects; Ventricular Dysfunction, Left/physiopathology; Ventricular Dysfunction, Left/metabolism; Ventricular Dysfunction, Left/genetics; Ventricular Dysfunction, Left/prevention & control; Heart Failure/physiopathology; Heart Failure/metabolism; Heart Failure/genetics; Metabolic Syndrome/metabolism; Metabolic Syndrome/physiopathology; Metabolic Syndrome/genetics; Metabolic Syndrome/complications; Heart Failure, Diastolic/physiopathology; Heart Failure, Diastolic/metabolism; Heart Failure, Diastolic/genetics","Ventricular Function, Left; Oligonucleotides, Antisense; RNA-Binding Proteins; Stroke Volume; Ventricular Dysfunction, Left; Heart Failure; Metabolic Syndrome; Heart Failure, Diastolic"
https://openalex.org/W4415413198,https://doi.org/10.1111/bph.70217,41121520,Deep learning‐enhanced 3D imaging unveils semaglutide impact on cardiac fibrosis,2025,"BACKGROUND AND PURPOSE: Myocardial fibrosis (MF), a hallmark of structural cardiac remodelling, drives disease progression across most forms of heart failure and plays a central role in heart failure with preserved ejection fraction (HFpEF). Despite its clinical relevance, effective treatments remain scarce. In preclinical models, current methods for quantifying MF fail to capture its regional heterogeneity, limiting reliable assessment of novel anti-fibrotic compounds. This study aimed to develop a whole-heart imaging and deep learning (DL)-based quantification pipeline for MF, and to validate its utility by evaluating the efficacy of a glucagon-like peptide-1 receptor (GLP-1R) agonist in a mouse model of HFpEF. EXPERIMENTAL APPROACH: By utilising fluorescent collagen-labelling dye, tissue clearing and three-dimensional light sheet fluorescence microscopy (3D LSFM), we developed a high-throughput imaging platform for MF. We established a DL framework to quantify interstitial, perivascular and replacement fibrosis, as well as hypertrophy, in 17 left ventricular (LV) segments. The antifibrotic efficacy of the GLP-1R agonist semaglutide was evaluated in the db/db UNx-ReninAAV mouse model, which exhibits diabetes, kidney failure, obesity and hypertension. KEY RESULTS: Whole-heart 3D LSFM, combined with DL, enabled micrometre-resolution mapping of MF in rodents. Using this approach, we observed that interstitial collagen content increases proportionally with cardiac hypertrophy. Chronic treatment with semaglutide reduced LV hypertrophy and perivascular fibrosis but did not affect the extent of replacement fibrosis. CONCLUSIONS AND IMPLICATIONS: The established 3D imaging and quantification approach provides a powerful tool for evaluating the therapeutic efficacy of antifibrotic compounds and studying the pathological mechanisms underlying cardiovascular diseases.",1891,pubmed,250,Medicine:0.8447; Semaglutide:0.6864; Cardiac fibrosis:0.6484; Pathological:0.5808; Cardiac imaging:0.5514; Fibrosis:0.4943; Cardiology:0.4153; Cardiac dysfunction:0.3787; Radiology:0.359; Cardiac cell:0.3534; Cardiac magnetic resonance imaging:0.3415; Pathology:0.3356; Cardiac magnetic resonance:0.315; Therapeutic approach:0.3147; Internal medicine:0.3123; Myocardial fibrosis:0.3101; Medical imaging:0.3064; Imaging technique:0.2852; Clinical trial:0.2817; Magnetic resonance imaging:0.2687,Cardiac Fibrosis and Remodeling:0.9813; Cardiovascular Function and Risk Factors:0.0064; Tissue Engineering and Regenerative Medicine:0.0012,"Animals; Fibrosis; Deep Learning; Mice; Glucagon-Like Peptides; Male; Imaging, Three-Dimensional; Mice, Inbred C57BL; Myocardium; Glucagon-Like Peptide-1 Receptor Agonists; Heart Failure; Disease Models, Animal","Mice; Mice, Inbred C57BL",Journal Article,True,"Mice; Mice, Inbred C57BL",Glucagon-Like Peptides (62340-29-8); Glucagon-Like Peptide-1 Receptor Agonists,"Disease Models, Animal","Glucagon-Like Peptides/pharmacology; Glucagon-Like Peptides/therapeutic use; Imaging, Three-Dimensional/methods; Myocardium/pathology; Heart Failure/drug therapy; Heart Failure/diagnostic imaging; Heart Failure/pathology","Deep Learning; Glucagon-Like Peptides; Imaging, Three-Dimensional; Myocardium; Heart Failure"
https://openalex.org/W4415946820,https://doi.org/10.1002/advs.202513956,41194405,Trigonelline Improves Metabolism and Cardiac Function of HFpEF Mice Via Gut Microbiome Alterations‐Mediated AMPK Activation,2025,"Heart failure with preserved ejection fraction (HFpEF) is a prevalent end-manifestation of cardiovascular diseases currently lacking effective treatment. Using a high-fat diet and L-NAME-induced mouse model, untargeted metabolomic profiling is performed and trigonelline is identified as a markedly reduced metabolite in HFpEF hearts. Oral trigonelline supplementation alleviates metabolic syndromes, including obesity, insulin resistance, and hepatic injury, leading to improved cardiac function in HFpEF mice. AMPK inhibition blunts the protective effects of trigonelline despite trigonelline per se not activating AMPK directly. Gut microbiota is required in AMPK activation and consequent beneficial effects on HFpEF mice by trigonelline. Further investigations demonstrate that trigonelline significantly restores HFpEF mouse gut microbiome dysbiosis by decreasing Firmicutes and increasing Bacteroidetes. In conclusion, the studies demonstrate that trigonelline supplementation mitigates HFpEF-associated metabolic disorders and improves cardiac function via gut microbiome alterations-mediated AMPK activation. These findings suggest that trigonelline has therapeutic potential for HFpEF.",1195,pubmed,146,Trigonelline:0.9678; Metabolome:0.7339; AMPK:0.5823; Gut flora:0.5317; Metabolomics:0.5155; Cardiac function curve:0.4425; Metabolite:0.4113; Bioavailability:0.4059; Pharmacology:0.3814; Metabolism:0.3745; Endocrinology:0.37; Internal medicine:0.357; Medicine:0.3554; Microbiome:0.3525; Gout:0.3408; Diabetes mellitus:0.3242; Biology:0.3207; Nicotinamide:0.3109; Heart failure:0.307; Chemistry:0.3015; Metabolic syndrome:0.2939; Uric acid:0.2919; Heart failure with preserved ejection fraction:0.2815; Metabolic pathway:0.276; Biochemistry:0.2748; Gut microbiome:0.2729; Dysbiosis:0.2638; Metabolic disorder:0.258; Oligopeptidase:0.2548,"Cardiovascular Function and Risk Factors:0.8186; Metabolomics and Mass Spectrometry Studies:0.0406; Metabolism, Diabetes, and Cancer:0.0242","Animals; Gastrointestinal Microbiome; Mice; Alkaloids; AMP-Activated Protein Kinases; Disease Models, Animal; Heart Failure; Male; Mice, Inbred C57BL; Stroke Volume; Diet, High-Fat","Mice; Mice, Inbred C57BL",Journal Article,True,"Mice; Mice, Inbred C57BL",trigonelline (3NQ9N60I00); Alkaloids; AMP-Activated Protein Kinases (EC 2.7.11.31),"Disease Models, Animal; Diet, High-Fat","Gastrointestinal Microbiome/drug effects; Alkaloids/pharmacology; AMP-Activated Protein Kinases/metabolism; Heart Failure/metabolism; Heart Failure/drug therapy; Heart Failure/physiopathology; Stroke Volume/drug effects; Diet, High-Fat/adverse effects",Gastrointestinal Microbiome; Alkaloids; AMP-Activated Protein Kinases; Heart Failure
https://openalex.org/W4416328884,https://doi.org/10.1097/fjc.0000000000001775,41252712,Lactylation-Related Gene Signature and Immune Infiltration Crosstalk in Heart Failure: Insights From Bulk and Single-Cell Transcriptomics,2025,"Heart failure (HF), with varied symptoms caused by cardiac strain or damage, has high morbidity and mortality. Protein lactylation, a post-translational modification, regulates immune and cardiovascular processes, but its role in HF's immune microenvironment remains underexplored. Differentially expressed lactylation-related genes (LacRGs) were identified by intersecting HF differentially expressed genes with LacRG data sets. Unsupervised clustering categorized patients with HF into LacRG-based subgroups. An LacRG diagnostic model was developed to assess associations with immune cell infiltration, immunotherapy potential, and single-cell RNA sequencing expression patterns. HF mouse models were constructed and verified for LacRG expression. In 200 HF versus 166 non-HF samples, 38 differentially expressed LacRGs were identified, revealing distinct immune landscapes. Two LacRG clusters exhibited unique functional enrichment and immunologic features. A 14-gene LacRG signature distinguished HF from controls with high accuracy (area under the curve: 0.999, 1.000, 0.744). Single-cell RNA sequencing (GSE145154) revealed reduced lactylation scores in fibroblast, macrophage, T-cell, and NK-cell subsets in HF, alongside characterization of altered cellular subtypes and activated signaling pathways within these populations. External data sets (GSE46224, GSE116250) identified 6 hub genes-HBB, EXT1, CENPA, NT5E, STAT4, and CAPN5, which were validated in HF mouse models. In addition, analysis of HF dataset further indicated higher LacRG scores in heart failure with preserved ejection fraction than in reduced ejection fraction. Lactylation modification is closely linked to HF's immune microenvironment. A 14-gene LacRG signature and 6 hub genes provide novel insights into HF pathophysiology and potential therapeutic avenues. Further studies are warranted to validate their regulatory roles in HF through immune microenvironmental mechanisms.",1956,pubmed,255,Immune system:0.8252; Transcriptome:0.7273; Biology:0.6704; Crosstalk:0.662; Heart failure:0.5675; Gene:0.5243; Computational biology:0.4699; Gene signature:0.4619; Phenotype:0.4321; Gene expression:0.4197; Immunology:0.4017; Ejection fraction:0.3891; Immunotherapy:0.3891; RNA:0.3722; Gene expression profiling:0.3463; Inflammation:0.3426; Cancer research:0.3359; Cell biology:0.3171; Signal transduction:0.3091; Biological pathway:0.3051; Bioinformatics:0.3048; Cell:0.2865; Pathophysiology:0.2745; Regulation of gene expression:0.2698; Immune tolerance:0.2678; Messenger RNA:0.2654; Genetics:0.2638; RNA-Seq:0.255; Pathogenesis:0.2526,Cardiac Fibrosis and Remodeling:0.9669; Cardiovascular Function and Risk Factors:0.0083; Congenital heart defects research:0.0058,"Heart Failure; Animals; Single-Cell Analysis; Humans; Transcriptome; Disease Models, Animal; Gene Expression Profiling; Male; Protein Processing, Post-Translational; Female; Mice, Inbred C57BL; Mice; Case-Control Studies; Aged","Humans; Mice, Inbred C57BL; Mice",Journal Article,True,"Humans; Mice, Inbred C57BL; Mice",,"Disease Models, Animal",Heart Failure/genetics; Heart Failure/immunology; Heart Failure/metabolism; Heart Failure/physiopathology,"Heart Failure; Single-Cell Analysis; Transcriptome; Gene Expression Profiling; Protein Processing, Post-Translational"
https://openalex.org/W4416393108,https://doi.org/10.1161/circresaha.125.326412,41255333,Nonmuscle α-Actinin-4 Couples Sarcomere Function to Cardiac Remodeling,2025,"BACKGROUND: Cardiac sarcomeres generate the fundamental forces of each heartbeat. Cardiac myocytes (CMs) express nonmuscle versions of muscle-specific sarcomere proteins, which have unknown relevance to sarcomere function or heart physiology. METHODS: Expression levels of nonmuscle cytoskeletal proteins versus muscle-specific counterparts in CMs were directly compared. Function and subcellular localization of the nonmuscle protein ACTN4 (alpha-actinin-4) in induced pluripotent stem cell-derived CMs were determined using small interfering RNA-mediated knockdown, overexpression, and pharmacological perturbation. Impacts of ACTN4 depletion or knockout on cardiac structure function were evaluated in zebrafish embryos. Left ventricular Actn4 expression was evaluated in a mouse model of chronic pressure overload. Human ACTN4 gene variants were tested for association with heart failure with preserved ejection fraction using the BioVU biobank. A meta-analysis was conducted on ventricular data sets of human cardiomyopathies. RESULTS: ACTN4 expression in human CMs met or exceeded some muscle-specific genes (eg, MYH6). Anti-ACTN4 antibodies colocalized with anti-ACTN2 (alpha-actinin-2) at the sarcomere Z-disc in human, mouse, and zebrafish ventricular tissue. Coimmunoprecipitation and structural modeling suggest a Z-disc ACTN4:ACTN2 complex. ACTN4 depletion from induced pluripotent stem cell-derived CMs resulted in increased sarcomere assembly, decreased sarcomere component turnover, elevated contractile force, and contractility-dependent cellular hypertrophy. Overexpression of an ACTN4 actin-binding chimera suppressed sarcomere assembly. In zebrafish embryos, ACTN4 depletion/knockout induced ventricular hypercontractility and atrial enlargement. Selective modulation of ventricular contractility was sufficient to prevent or phenocopy atrial remodeling. In mice, Actn4, but not Actn2, was upregulated in the left ventricular following pressure overload. One of 14 ACTN4 single-nucleotide polymorphisms was associated with reduced heart failure with preserved ejection fraction risk in humans, and prepublished studies suggest a pattern of ventricular ACTN4 upregulation in certain human cardiomyopathies. CONCLUSIONS: A nonmuscle actinin (ACTN4) populates the cardiac Z-disc. ACTN4 regulates sarcomeric architecture in CMs. ACTN4 influences fractional shortening at the cell level and contractility at the tissue level. Changes in ventricular ACTN4 levels are associated with remodeling and may influence clinical outcomes related to heart failure.",2568,pubmed,323,Contractility:0.8658; Sarcomere:0.8417; Function (biology):0.4535; Cardiac function curve:0.4532; Cell biology:0.4458; Actinin:0.4384; Myocyte:0.4305; Chemistry:0.409; Internal medicine:0.4022; Cardiology:0.3853; Cell:0.3559; Biology:0.3357; Cardiac muscle:0.3216; Ventricular remodeling:0.2797; Cardiac myocyte:0.2605; Contraction (grammar):0.2592,Genetics and Physical Performance:0.4916; Cardiomyopathy and Myosin Studies:0.2297; Cardiovascular Effects of Exercise:0.0588,"Actinin; Animals; Sarcomeres; Humans; Zebrafish; Myocytes, Cardiac; Mice; Ventricular Remodeling; Induced Pluripotent Stem Cells; Heart Failure; Mice, Knockout; Cells, Cultured; Male","Humans; Zebrafish; Mice; Mice, Knockout",Journal Article,True,"Humans; Zebrafish; Mice; Mice, Knockout","Actinin (11003-00-2); ACTN4 protein, human; ACTN2 protein, human; Actn4 protein, mouse",,"Actinin/genetics; Actinin/metabolism; Sarcomeres/metabolism; Sarcomeres/physiology; Myocytes, Cardiac/metabolism; Myocytes, Cardiac/pathology; Induced Pluripotent Stem Cells/metabolism; Heart Failure/metabolism; Heart Failure/physiopathology; Heart Failure/genetics","Actinin; Sarcomeres; Myocytes, Cardiac; Ventricular Remodeling"
https://openalex.org/W4416397728,https://doi.org/10.1016/j.yjmcc.2025.11.005,41248801,Soluble epoxide hydrolase deficiency rescues heart failure with preserved ejection fraction by targeting cytochrome P450 2E1,2025,"BACKGROUND: Our prior clinical studies established a positive correlation between sEH activity and mortality in heart failure with preserved ejection fraction (HFpEF), the pathophysiological role of the sEH/EET axis in metabolic stress (obesity and metabolic syndrome) and mechanical stress (hypertension)-induced HFpEF remains unknown. METHODS: We elucidated the function and mechanism of sEH and EETs in 'two-hit' (high-fat diet and inhibition of constitutive nitric oxide synthase using Nω-nitrol-arginine methyl ester) HFpEF animal model. Langendorff system was applied to isolate cardiomyocytes from HFpEF mice. Recombinant adeno-associated virus type 9 was used to deliver cytochrome P450 2E1 (CYP2E1) to cardiac-specific knockout sEH HFpEF mice through the tail vein. RESULTS: sEH activity and expression were upregulated, while EETs levels were reduced in the hearts and isolated cardiomyocytes from HFpEF mice or cardiomyocyte cell lines pretreated with palmitate acid and Nω-nitrol-arginine methyl ester. Desuccinylation, a posttranslational modification of sEH (K)191, maintained the activity of sEH in HFpEF. Genetic or pharmacological inhibition of the sEH restored the levels of EETs and ameliorated HFpEF phenotype with significantly improved diastolic dysfunction and cardiac remodeling. Mechanically, sEH inhibitors (sEHIs) targeted CYP2E1, a crucial CYP450 enzyme, to inhibit reactive oxygen species (ROS) and fatty acid uptake. Overexpressing CYP2E1 abolished the protective effects of sEH inhibition in vivo. CONCLUSIONS: These findings confirmed sEH as a therapeutic target in metabolic stress and mechanical stress-induced HFpEF mice model via the cardioprotective effects of EETs, which were mediated partially by targeting CYP2E1, suggesting the development of therapeutic strategies for patients with HFpEF.",1832,pubmed,248,Epoxide hydrolase 2:0.8737; Chemistry:0.6809; Heart failure:0.5818; Heart failure with preserved ejection fraction:0.579; Cytochrome P450:0.4807; Internal medicine:0.4708; Pharmacology:0.4615; Endocrinology:0.4259; CYP2E1:0.3662; Cytochrome:0.3651; Epoxide hydrolase:0.3513; Biochemistry:0.3243; Enzyme:0.3108; Hydrolase:0.2822; Isozyme:0.2715; Cardiomyopathy:0.2653; Matrix metalloproteinase:0.2564; Ejection fraction:0.2542,Eicosanoids and Hypertension Pharmacology:0.9971; Heme Oxygenase-1 and Carbon Monoxide:0.0003; Pharmacogenetics and Drug Metabolism:0.0002,"Animals; Heart Failure; Stroke Volume; Cytochrome P-450 CYP2E1; Myocytes, Cardiac; Mice; Epoxide Hydrolases; Mice, Knockout; Disease Models, Animal; Male","Mice; Mice, Knockout",Journal Article,True,"Mice; Mice, Knockout",Cytochrome P-450 CYP2E1 (EC 1.14.13.-); Epoxide Hydrolases (EC 3.3.2.-),"Disease Models, Animal","Heart Failure/physiopathology; Heart Failure/metabolism; Heart Failure/genetics; Cytochrome P-450 CYP2E1/metabolism; Cytochrome P-450 CYP2E1/genetics; Myocytes, Cardiac/metabolism; Myocytes, Cardiac/drug effects; Myocytes, Cardiac/pathology; Epoxide Hydrolases/deficiency; Epoxide Hydrolases/metabolism; Epoxide Hydrolases/genetics",Heart Failure; Stroke Volume; Cytochrome P-450 CYP2E1; Epoxide Hydrolases
https://openalex.org/W4416590571,https://doi.org/10.1186/s12933-025-02935-x,41286930,The mineralocorticoid receptor antagonist finerenone enhances cardiovascular recovery upon food intake normalization in obese mice,2025,"BACKGROUND: Patients with obesity exhibit high prevalence of heart failure with preserved or mildly reduced ejection fraction (HFpEF or HFmrEF). Recently, the mineralocorticoid receptor antagonist finerenone demonstrated benefits in this population. Glucagon-like peptide-1 analog aided weight loss also showed benefits. We hypothesized that finerenone would improve cardiovascular parameters when combined with weight loss in previously obese mice. METHODS: Mice were fed a high-fat diet (HFD) for 24 weeks, and were compared to mice fed a HFD for 16 weeks before returning to a standard diet for a further 8 weeks (rSD), with or without finerenone treatment 1 mg.kg-1.day-1 (rSD + F). Glycaemia and insulin tolerance were assessed, cardiac left ventricle (LV) function was evaluated by ultrasound and invasive hemodynamics, myocardial perfusion reserve (MPR) was measured by MRI, and exercise capacity was evaluated on a treadmill. RESULTS: After 16 weeks of HFD, compared to controls, obese mice had hyperglycaemia and insulin resistance, no difference in LV fractional shortening but increased LV filling pressure, impaired LV compliance, and reduced exercise capacity. After 24 weeks, this obesity phenotype was worsened by a reduction in MPR, LV fractional shortening, and cardiac output. After returning to standard diet, compared to the HFD group, body weight decreased in both the rSD and rSD + F groups, with improvements in glycaemia, insulin resistance, LV stroke volume, and LV compliance. In the rSD + F group, compared to rSD group, finerenone further improved LV compliance (34% improvement) (LVEDPVR: Ctl 1.19 ± 0.25, HFD 4.75 ± 0.31***, rSD 3.44 ± 0.39†, rSD + F 2.27 ± 0.23†††,§; ***P < 0.001 vs C, †, †††P < 0.05 and < 0.001 vs H, §P < 0.05 vs HS), as well as LV interstitial collagen fibrosis (-47%), and was necessary to improve LV fractional shortening, cardiac output, LV filling pressure (-30%) (LVEDP: Ctl 2.73 ± 0.17, HFD 4.73 ± 0.34***, rSD 4.53 ± 0.33, rSD + F 3.18 ± 0.26††,§; * vs C,† vs H,§ vs rSD), MPR (+ 28%), and exercise capacity (+ 43%). Benefits of finenerone were likely due, in part, to reduced LV mRNA and protein expression (-49%) of the protein tyrosine-phosphatase PTP-1B, a downstream negative regulator of the insulin receptor, associated with increased phosphorylation level (+ 82%) of AKT kinase. CONCLUSION: In the mouse model of HFD-induced obesity and heart failure, finerenone improves weight loss-induced recovery of cardiac function.",2488,pubmed,391,Medicine:0.9056; Mineralocorticoid receptor:0.7519; Internal medicine:0.715; Food intake:0.6757; Endocrinology:0.6571; Angiology:0.6265; Obesity:0.6088; Antagonist:0.515; Mineralocorticoid:0.4123; Diabetes mellitus:0.4034; Prediabetes:0.3901; Weight loss:0.3654; Body weight:0.3491; Receptor antagonist:0.3453; Spironolactone:0.344; Receptor:0.3438; Adipokine:0.3326; Normalization (sociology):0.3162; Eplerenone:0.3108; Diet-induced obese:0.3105; Appetite:0.3066; Glucagon-like peptide-1:0.2872; Preclinical research:0.2769; Preload:0.2744; Animal model:0.2662; Body mass index:0.2652; Impaired glucose tolerance:0.2526; Type 2 diabetes:0.2524,Hormonal Regulation and Hypertension:0.9359; Stress Responses and Cortisol:0.0086; Neuropeptides and Animal Physiology:0.007,"Animals; Mineralocorticoid Receptor Antagonists; Obesity; Ventricular Function, Left; Disease Models, Animal; Diet, High-Fat; Male; Mice, Inbred C57BL; Naphthyridines; Blood Glucose; Recovery of Function; Eating; Time Factors; Insulin Resistance; Stroke Volume; Mice; Weight Loss; Heart Failure","Mice, Inbred C57BL; Mice",Journal Article,True,"Mice, Inbred C57BL; Mice",Mineralocorticoid Receptor Antagonists; finerenone; Naphthyridines; Blood Glucose,"Disease Models, Animal; Diet, High-Fat","Mineralocorticoid Receptor Antagonists/pharmacology; Obesity/physiopathology; Obesity/drug therapy; Obesity/blood; Obesity/complications; Ventricular Function, Left/drug effects; Naphthyridines/pharmacology; Blood Glucose/metabolism; Blood Glucose/drug effects; Eating/drug effects; Stroke Volume/drug effects; Weight Loss/drug effects; Heart Failure/physiopathology; Heart Failure/etiology; Heart Failure/drug therapy","Mineralocorticoid Receptor Antagonists; Obesity; Ventricular Function, Left; Naphthyridines; Eating; Heart Failure"
https://openalex.org/W4416724226,https://doi.org/10.1186/s12872-025-05354-8,41299286,Early pathological changes of coronary microvasculation in heart failure with preserved ejection fraction,2025,"BACKGROUND: The majority of heart failure with preserved ejection fraction (HFpEF) patients present with coronary microvascular dysfunction (CMD). However, it is uncertain whether CMD is a primary factor in ventricular remodeling/diastolic dysfunction and HFpEF, or whether CMD is secondary to myocardial remodeling in HFpEF. METHODS: Eight-week-old male C57BL/6N mice were simultaneously administered with high-fat diet (HFD) and N(ω)-nitro-L-arginine methyl ester (L-NAME) via drinking water for 5 weeks. Body weight, blood pressure and glucose tolerance, athletic endurance were observed. Cardiac systolic and diastolic function were detected using trans-thoracic Doppler echocardiography. Heart weight/tibial length and wheat germ agglutinin staining (WGA) were performed to evaluate cardiomyocytes. To detect the degree of cardiac fibrosis, picrosirius red (PSR) staining was performed. The coronary microvascular and pericytes were investigated by immunofluorescence staining. Coronary flow reserve (CFR) was measured by echocardiography to assess the coronary microvascular function. RESULTS: The HFpEF mouse model was constructed using HFD and L-NAME. HFpEF was evident by preserved ejection fraction (EF), fractional shortening (FS) and significantly elevated E/e’, impaired glucose tolerance and reduced exercise capacity in mice treated with L-NAME and HFD. Cardiomyocyte hypertrophy and cardiac fibrosis were observed in the HFpEF group. The density of capillary was decreased in HFpEF group, accompanied by increased capillary diameter and tortuosity. Moreover, the number and coverage rate of cardiac pericytes were reduced in HFpEF group. No significant differences were found in CFR after modeling 5 weeks. But CFR was decreased in HFpEF group when extending modeling time to 12 weeks. CONCLUSIONS: Our findings have demonstrated that coronary microvascular pathological changes appeared during the early stages of HFpEF and appeared before coronary functional indicator changed.",1995,pubmed,270,Medicine:0.895; Cardiology:0.847; Internal medicine:0.8425; Heart failure with preserved ejection fraction:0.6613; Heart failure:0.5821; Ejection fraction:0.5732; Diastole:0.4865; Angiology:0.4827; Coronary flow reserve:0.4579; Cardiac function curve:0.4375; Pathological:0.4284; Muscle hypertrophy:0.4036; Ventricular remodeling:0.3918; Coronary circulation:0.3756; Stroke volume:0.3701; Fibrosis:0.3643; Blood flow:0.3582; Blood pressure:0.3335; Hemodynamics:0.3269; Left ventricular hypertrophy:0.3258; Microcirculation:0.3188; Cardiac fibrosis:0.3172; GDF15:0.3094; Myocardial fibrosis:0.2971; End-diastolic volume:0.2827; Myocardial infarction:0.2673; Doppler echocardiography:0.2586; Diastolic heart failure:0.2581; Ventricular hypertrophy:0.2556; Cardiac magnetic resonance imaging:0.2551,Cardiovascular Function and Risk Factors:0.895; Cardiac Fibrosis and Remodeling:0.0808; Cardiac Imaging and Diagnostics:0.0047,"Animals; Male; Stroke Volume; Heart Failure; Mice, Inbred C57BL; Disease Models, Animal; Ventricular Function, Left; Coronary Vessels; Fibrosis; Coronary Circulation; Ventricular Remodeling; Microcirculation; Diet, High-Fat; Microvessels; Exercise Tolerance; Pericytes; NG-Nitroarginine Methyl Ester; Time Factors; Fractional Flow Reserve, Myocardial; Echocardiography, Doppler","Mice, Inbred C57BL",Journal Article,True,"Mice, Inbred C57BL",NG-Nitroarginine Methyl Ester (V55S2QJN2X),"Disease Models, Animal; Diet, High-Fat",Heart Failure/physiopathology; Heart Failure/pathology; Heart Failure/etiology; Heart Failure/diagnostic imaging; Coronary Vessels/physiopathology; Coronary Vessels/pathology; Coronary Vessels/diagnostic imaging; Coronary Vessels/metabolism; Microvessels/pathology; Microvessels/physiopathology; Pericytes/pathology; Pericytes/metabolism,"Stroke Volume; Heart Failure; Ventricular Function, Left; Coronary Vessels; Coronary Circulation; Microcirculation; Microvessels"
https://openalex.org/W4416917350,https://doi.org/10.1002/cph4.70081,41329128,Renal Medullary but Not Cerebral Hypoxia in a Large Animal Model of Heart Failure With Mildly Reduced Ejection Fraction,2025,"BACKGROUND: Chronic kidney disease and cognitive impairment are common in heart failure, but how changes in microcirculatory perfusion and oxygenation contribute to these complications remains unclear. We investigated how heart failure with mildly reduced ejection fraction (HFmrEF) affects renal and cerebral perfusion and oxygenation, renal blood flow (RBF), and renal function in adult female sheep (Ovis aries, Linnaeus 1758). METHODS: HFmrEF was induced in Merino ewes (n = 10) via progressive ligation of coronary artery branches. Sham-operated controls (n = 10) underwent thoracotomy without ligation. Three weeks later, fiber-optic probes were implanted in the renal cortex, renal medulla, and frontal cerebral cortex to measure tissue perfusion and oxygenation. Transit-time flow probes and vascular catheters enabled continuous assessment of systemic hemodynamics, left atrial pressure, and RBF. Bladder catheterization allowed urine output measurement, and plasma and urine samples were collected to calculate creatinine clearance. Systolic function was assessed by two-dimensional echocardiography. RESULTS: Animals with HFmrEF exhibited reduced left ventricular ejection fraction (50.6% ± 1.4% vs. 77.8% ± 0.9%; p < 0.0001), elevated left atrial pressure (7.5 ± 0.9 vs. 3.3 ± 0.8 mmHg; p = 0.003), and clinical signs of heart failure. Renal medullary oxygenation was significantly reduced (41.4 ± 4.3 vs. 54.7 ± 2.7 mmHg; p = 0.02), while renal cortical and cerebral oxygenation were preserved. Systemic hemodynamics, RBF, and creatinine clearance were similar between groups. CONCLUSIONS: In this large mammalian model of HFmrEF, selective renal medullary hypoxia occurred despite preserved renal function and systemic hemodynamics. These findings underscore the vulnerability of the renal medulla and support the need for early markers and interventions targeting renal microcirculation in heart failure.",1919,pubmed,269,Medicine:0.7282; Medullary cavity:0.676; Cardiology:0.6512; Internal medicine:0.6248; Renal medulla:0.6127; Hypoxia (environmental):0.5635; Heart failure:0.4905; Kidney:0.4737; Animal model:0.4672; Renal function:0.4013; Ejection fraction:0.4008; Medulla:0.3566; Heart failure with preserved ejection fraction:0.3446; Renal circulation:0.3339; Endocrinology:0.3101; Microcirculation:0.3058; Vulnerability (computing):0.2659; Pathology:0.2571; Cardiac function curve:0.2506,Acute Kidney Injury Research:0.2863; Nitric Oxide and Endothelin Effects:0.0968; Dialysis and Renal Disease Management:0.0755,"Animals; Heart Failure; Female; Kidney Medulla; Sheep; Stroke Volume; Disease Models, Animal; Renal Circulation; Hypoxia, Brain; Hemodynamics; Cerebrovascular Circulation",Sheep,"Journal Article; Research Support, Non-U.S. Gov't",True,Sheep,,"Disease Models, Animal","Heart Failure/physiopathology; Kidney Medulla/physiopathology; Kidney Medulla/blood supply; Stroke Volume/physiology; Renal Circulation/physiology; Hypoxia, Brain/physiopathology","Heart Failure; Kidney Medulla; Stroke Volume; Hypoxia, Brain"
https://openalex.org/W4417035574,https://doi.org/10.1038/s41598-025-30810-y,41339487,Automated cardiac MRI analysis for robust profiling of heart failure models in mice,2025,"Heart failure with preserved ejection fraction (HFpEF) is a complex, age-related cardiovascular disease with limited treatment options, partly due to a poor understanding of underlying mechanisms, lack of robust preclinical models and diagnostic tools with limited specificity. Traditional cardiac magnetic resonance imaging (MRI) protocols and analysis in preclinical research are time-consuming, and manual analysis methods are prone to high inter-observer variability (correlation coefficient of 0.79 for left ventricular (LV) ejection fraction between observers). To accelerate and standardize phenotyping, we optimized a comprehensive non-contrast cardiac MRI protocol for high throughput, enabling acquisition of a stack of 12 short-axis slices in approximately seven minutes. This time-efficiency allowed us to add additional sequences, including cine-Arterial Spin Labeling (ASL) for myocardial perfusion mapping and dobutamine stress testing, allowing for a comprehensive cardiac exam. We developed a deep learning approach utilizing 3D Convolutional Neural Networks (CNNs) for fully automated segmentation and quantification of cardiac function. We validated this comprehensive pipeline in two multifactorial mouse models of HFpEF, combining diet-induced obesity (DIO) or high fat diet (HFD) and the hypertensive agent, deoxycorticosterone pivalate (DOCP). Our approach illustrated high technical sensitivity by detecting significant myocardial perfusion reduction in both the DIO (p = 0.02) and DIO + DOCP (p = 0.03) groups compared to control, along with subtle diastolic abnormalities, even in the absence of overt changes in ejection fraction. The CNN demonstrated high accuracy and reproducibility, achieving a mean Dice similarity coefficient greater than 0.9 for segmentation and Intraclass Correlation Coefficients (ICC) exceeding 0.95 for key left ventricular functional parameters (volumes and mass) compared to expert consensus reads. This optimized protocol and automated analysis pipeline provides a valuable tool for preclinical cardiovascular research, enabling efficient and reliable assessment of cardiac remodeling and contributing to a deeper understanding of HFpEF progression.",2207,pubmed,294,Ejection fraction:0.7607; Medicine:0.662; Intraclass correlation:0.6601; Heart failure:0.657; Cardiology:0.5966; Internal medicine:0.5519; Magnetic resonance imaging:0.4588; Cardiac magnetic resonance imaging:0.4572; Sørensen–Dice coefficient:0.4388; Segmentation:0.4378; Convolutional neural network:0.3873; Perfusion:0.381; Diastole:0.3726; Coefficient of variation:0.3713; Stroke volume:0.3322; Coronary artery disease:0.3258; Artificial intelligence:0.3138; Deep learning:0.2995; Heart failure with preserved ejection fraction:0.2946; Correlation:0.2785; Pattern recognition (psychology):0.2762; Dobutamine:0.2692; Cardiac imaging:0.2649; Myocardial infarction:0.2627; Cardiac function curve:0.2624; Nuclear medicine:0.2558; Matthews correlation coefficient:0.2558,Cardiovascular Function and Risk Factors:0.5631; Cardiac Imaging and Diagnostics:0.1465; Cardiac Fibrosis and Remodeling:0.0872,"Animals; Heart Failure; Mice; Disease Models, Animal; Magnetic Resonance Imaging; Male; Stroke Volume; Magnetic Resonance Imaging, Cine; Mice, Inbred C57BL; Heart; Diet, High-Fat","Mice; Mice, Inbred C57BL",Journal Article,True,"Mice; Mice, Inbred C57BL",,"Disease Models, Animal; Diet, High-Fat","Heart Failure/diagnostic imaging; Heart Failure/physiopathology; Magnetic Resonance Imaging/methods; Magnetic Resonance Imaging, Cine/methods; Heart/diagnostic imaging; Heart/physiopathology; Diet, High-Fat/adverse effects",Heart Failure; Magnetic Resonance Imaging; Heart
https://openalex.org/W4417291216,https://doi.org/10.1111/febs.70362,41387378,Comparative analysis of metabolic and functional cardiac alterations in diet‐ and genetically induced mouse models of cardiac dysfunction,2025,"Cardiac metabolism is highly adaptive, and distinct maladaptive remodeling processes may contribute to the development of cardiac dysfunction. Here, we compared the metabolic, structural, and functional adaptations of two murine models: C57BL/6J mice fed a high-fat, carbohydrate-free diet and New Zealand Obese mice maintained on a standard diet. Cardiac function was assessed by echocardiography, plasma metabolite profiles were analyzed, and cardiac proteomes were quantified by mass spectrometry. Proteomic data were computationally integrated into a kinetic model of cardiac central metabolism (CARDIOKIN1) to predict changes in substrate utilization and ATP production capacities under physiological nutrient conditions. Diet-induced metabolic stress led to cardiac dysfunction with preserved ejection fraction, characterized by mitochondrial dysfunction, impaired ATP production, inflammation, and reduced cardiac mass. Conversely, genetically induced obesity resulted in cardiac impairment with reduced ejection fraction associated with mild fibrosis, maintained ATP production, and substrate switching favoring fatty acid utilization. Proteomic and computational analyses revealed a coordinated downregulation of metabolic networks involved in oxidative phosphorylation, substrate transport, and energy production in both models, but with distinct profiles of metabolic inflexibility and mitochondrial efficiency. This study provides insights of how dietary versus genetic metabolic stress reprograms cardiac metabolism and structure, offering mechanistic insights into the diverse pathways leading to cardiac dysfunction. These insights may guide future strategies for metabolic intervention in heart failure subtypes.",1728,pubmed,217,Cardiac function curve:0.7528; Heart failure:0.6583; Cardiac dysfunction:0.5438; Mitochondrion:0.5392; Ejection fraction:0.5131; Internal medicine:0.4986; Downregulation and upregulation:0.4928; Metabolism:0.4894; Biology:0.4892; Oxidative stress:0.46; Oxidative phosphorylation:0.4573; Cardiac output:0.4509; Metabolic pathway:0.4465; Endocrinology:0.4211; Beta oxidation:0.4204; Cardiovascular physiology:0.4119; Fatty acid metabolism:0.392; Metabolomics:0.3765; Proteome:0.3638; Ventricular remodeling:0.3434; Cardiac muscle:0.3426; Metabolite:0.3317; Cell biology:0.3265; Energy metabolism:0.3229; Alpha ketoglutarate:0.3133; Fatty acid:0.3036; Substrate (aquarium):0.2957; Biochemistry:0.2932; Carbohydrate metabolism:0.2863; Medicine:0.2827; Metabolic syndrome:0.2813; Glycolysis:0.2782; Function (biology):0.2768; Endogeny:0.2696; Bioinformatics:0.2626; Enzyme:0.2591; Proteomics:0.2575; Metabolome:0.2561; Metabolic network:0.2508,Cardiovascular Function and Risk Factors:0.911; Cardiac Fibrosis and Remodeling:0.0553; Congenital heart defects research:0.0066,"Animals; Mice; Disease Models, Animal; Diet, High-Fat; Mice, Inbred C57BL; Myocardium; Male; Obesity; Proteomics; Adenosine Triphosphate; Energy Metabolism; Proteome","Mice; Mice, Inbred C57BL",Journal Article; Comparative Study,True,"Mice; Mice, Inbred C57BL",Adenosine Triphosphate (8L70Q75FXE); Proteome,"Disease Models, Animal; Diet, High-Fat","Diet, High-Fat/adverse effects; Myocardium/metabolism; Myocardium/pathology; Obesity/metabolism; Obesity/genetics; Obesity/pathology; Adenosine Triphosphate/metabolism; Proteome/metabolism",Myocardium; Obesity
https://openalex.org/W7117886721,https://doi.org/10.1248/bpb.b25-00319,41485990,Tanshinone VI Attenuates the Development of Heart Failure with Preserved Ejection Fraction in Mice,2025,"Treatments to improve the prognosis of heart failure with preserved ejection fraction (HFpEF) are urgently needed. Tanshinone VI (TanVI) is a compound extracted from the roots of Salvia miltiorrhiza Bunge (Lamiaceae) that exerts inhibitory effects on the development of cardiac remodeling under experimental conditions. However, the therapeutic effects of TanVI on HFpEF remain unclear. The present study aims to investigate the therapeutic effects of TanVI in a mouse model of HFpEF. HFpEF mice were prepared by feeding C57BL/6N mice a high-fat diet and providing water containing N[ω]-nitro-L-arginine methyl ester hydrochloride (L-NAME) for 15 weeks, and TanVI (3 mg/kg/d) or vehicle was administered intraperitoneally using an osmotic pump for 5 weeks until the end of the experiment. The administration of a high-fat diet and L-NAME resulted in cardiac diastolic dysfunction with cardiac hypertrophy and fibrosis. In contrast, treatment with TanVI markedly attenuated cardiac hypertrophy and fibrosis and prevented cardiac diastolic dysfunction. In HFpEF mouse hearts, the phosphorylation levels of mitogen-activated protein (MAP) kinases such as c-Raf, MEK1/2, and extracellular signal-regulated kinase 1/2 (ERK1/2), which regulate cardiac hypertrophy and fibrosis, were elevated. In contrast, treatment with TanVI reversed the phosphorylation levels of c-Raf, MEK1/2, and ERK1/2. The present study showed that TanVI prevented the development of HFpEF by reducing cardiac remodeling. Furthermore, our findings suggest, at least in part, that TanVI attenuates the development of HFpEF by inhibiting the MAP kinase signaling pathway.",1637,pubmed,231,Medicine:0.7824; Salvia miltiorrhiza:0.722; Heart failure with preserved ejection fraction:0.7208; Heart failure:0.678; Cardiac hypertrophy:0.5965; Internal medicine:0.5794; Diastole:0.516; Muscle hypertrophy:0.5051; Ejection fraction:0.4914; Pharmacology:0.4739; Cardiology:0.4608; Kinase:0.432; Diastolic heart failure:0.3648; Cardiac fibrosis:0.3563; Fibrosis:0.3556; Stroke volume:0.3519; Endocrinology:0.3495; Phosphorylation:0.3284; Ventricular remodeling:0.3196; Stimulation:0.3057; Ranolazine:0.3009; Economic shortage:0.2792; Left ventricular hypertrophy:0.2706; Extracellular:0.2639,Cardiac Fibrosis and Remodeling:0.9273; Cardiovascular Function and Risk Factors:0.0493; Traditional Chinese Medicine Analysis:0.0069,"Animals; Abietanes; Heart Failure; Mice, Inbred C57BL; Male; Stroke Volume; Diet, High-Fat; NG-Nitroarginine Methyl Ester; Mice; Cardiomegaly; Fibrosis; Salvia miltiorrhiza; Myocardium; Disease Models, Animal","Mice, Inbred C57BL; Mice",Journal Article,True,"Mice, Inbred C57BL; Mice",Abietanes; tanshinone (03UUH3J385); NG-Nitroarginine Methyl Ester (V55S2QJN2X),"Diet, High-Fat; Disease Models, Animal","Abietanes/therapeutic use; Abietanes/pharmacology; Heart Failure/drug therapy; Heart Failure/physiopathology; Heart Failure/metabolism; Heart Failure/pathology; Stroke Volume/drug effects; Diet, High-Fat/adverse effects; Cardiomegaly/drug therapy; Myocardium/pathology; Myocardium/metabolism",Abietanes; Heart Failure; Stroke Volume
https://openalex.org/W7118451106,https://doi.org/10.1186/s12967-025-07661-2,41501803,CTRP9 ameliorates heart failure with preserved ejection fraction by regulating lipid metabolism,2026,"BACKGROUND: Heart failure with preserved ejection fraction (HFpEF) is a major clinical challenge, with cardiac lipotoxicity emerging as a key driver of disease progression. Despite CTRP9’s role in lipid metabolism and cardioprotective properties, its therapeutic potential in HFpEF remains unexplored. This study aimed to investigate whether CTRP9 ameliorates HFpEF by regulating cardiac lipid metabolism and to identify the underlying molecular mechanisms. METHODS: In the established two-hit HFpEF mouse model (induced by a high-fat diet and L-NAME), the mice were treated with either CTRP9 or saline. Cardiac function was evaluated by echocardiography, while hypertrophy, fibrosis, and lipid accumulation were assessed using histology and molecular assays. Proteomic sequencing was further employed to identify downstream targets of CTRP9. RESULTS: CTRP9 treatment significantly improved diastolic function and attenuated cardiac hypertrophy and fibrosis in HFpEF mice. Myocardial lipid accumulation was substantially reduced, accompanied by enhanced fatty acid oxidation. Proteomic analysis identified GPD1 as a key downstream target upregulated by CTRP9. Cardiac-specific knockdown of GPD1 partly abolished the therapeutic benefits of CTRP9. CONCLUSION: Our data suggest that CTRP9 ameliorates HFpEF through GPD1-mediated regulation of cardiac lipid metabolism, identifying the CTRP9-GPD1 axis as a promising therapeutic target for HFpEF.",1443,pubmed,192,Heart failure with preserved ejection fraction:0.8541; Lipotoxicity:0.8509; Lipid metabolism:0.7025; Heart failure:0.6788; Medicine:0.6769; Ejection fraction:0.6293; Internal medicine:0.5934; Cardiac function curve:0.5765; Cardiology:0.4885; Stroke volume:0.4774; Endocrinology:0.4613; Ventricular remodeling:0.4216; Beta oxidation:0.4195; Diastole:0.402; Pharmacology:0.3836; Cardiac fibrosis:0.3825; Downregulation and upregulation:0.3809; Fibrosis:0.3554; Gene knockdown:0.3323; Metabolism:0.3237; Fatty acid metabolism:0.316; Carnitine O-palmitoyltransferase:0.3086; Lipidomics:0.296; Muscle hypertrophy:0.2865; Lipid profile:0.2865; Cardiac hypertrophy:0.2827; Fatty acid:0.2723; Cardiovascular physiology:0.2662; Myocardial fibrosis:0.257; Left ventricular hypertrophy:0.2544,Cardiovascular Function and Risk Factors:0.8559; Cardiac Fibrosis and Remodeling:0.0724; Cardiovascular Disease and Adiposity:0.0211,"Animals; Lipid Metabolism; Stroke Volume; Heart Failure; Adiponectin; Glycoproteins; Myocardium; Mice, Inbred C57BL; Male; Proteomics; Fibrosis; Disease Models, Animal; Cardiomegaly","Mice, Inbred C57BL",Journal Article,True,"Mice, Inbred C57BL","CTRP9 protein, mouse; Adiponectin; Glycoproteins","Disease Models, Animal",Lipid Metabolism/drug effects; Stroke Volume/drug effects; Heart Failure/physiopathology; Heart Failure/drug therapy; Heart Failure/metabolism; Adiponectin/pharmacology; Adiponectin/therapeutic use; Glycoproteins/pharmacology; Glycoproteins/therapeutic use; Myocardium/pathology; Myocardium/metabolism; Cardiomegaly/complications; Cardiomegaly/physiopathology; Cardiomegaly/pathology,Lipid Metabolism; Stroke Volume; Heart Failure; Adiponectin; Glycoproteins
https://openalex.org/W7122792532,https://doi.org/10.1186/s13075-025-03700-x,41527005,Interleukin-6 blockade modulates monocyte recruitment to protect against diastolic dysfunction associated with inflammatory arthritis,2026,"BACKGROUND: There is an unmet clinical need to manage heart failure with preserved ejection fraction in people with rheumatoid arthritis (RA). One hurdle is the absence of preclinical models to study pathology and pharmacology in settings of inflammatory arthritis. In addition, there is mixed clinical evidence on the effect of current RA therapeutics, such as anti-interleukin-6 (IL-6) therapy, on the incidence of diastolic dysfunction and heart failure in RA patients. METHODS: We have used a transgenic mouse model (K/BxN F1 colony) where inflammatory arthritis develops prior to cardiac dysfunction. Polyarthritis was scored and paw volumes measured by plethysmometry. Heart functionality was assessed by echocardiography and plasma IL-6 was measured by ELISA. An anti-IL-6 receptor monoclonal antibody, MR16-1, was given after joint disease onset. Cardiac cell numbers were quantified by flow cytometry, along with phenotypic characterization of monocytes, macrophages and fibroblasts. In addition, the expression of selected inflammatory genes was quantified by qPCR. RESULTS: K/BxN F1 mice displayed higher IL-6 plasma levels than control mice, specifically after joint disease onset and prior to overt alterations in cardiac function. Treatment of arthritic K/BxN F1 male and female mice with MR16-1 resulted in a modest reduction (~ 15%) in joint disease whereas the development of diastolic dysfunction (monitored as left atrial area, E/A and e'/a' ratios) was prevented. These functional improvements in the heart were accompanied by a significant reduction in pro-inflammatory gene expression (e.g., Il1, Il6), decreased recruitment of classical monocytes (CCR2⁺Ly6C⁺), a lower number of pro-inflammatory macrophages (Gal-3⁺MHCII⁺CD206⁻), and reduced presence of pro-inflammatory cardiac fibroblasts (Thy1.2⁺podoplanin⁺). CONCLUSIONS: Treatment of arthritic mice with an antibody that blocks IL-6 signalling is effective in preventing functional alterations of the heart, likely consequent to regulation of monocyte recruitment, and reductions in numbers of pro-inflammatory macrophages and fibroblasts. These preclinical data could prompt specific studies to determine the efficacy of anti-IL-6 therapy in patients at increased risk of cardiac alterations that lead to heart failure.",2298,pubmed,319,Medicine:0.9054; Monocyte:0.8036; Blockade:0.7576; Rheumatology:0.6622; Inflammation:0.5459; Inflammatory arthritis:0.5429; Diastole:0.5403; Arthritis:0.5402; Immunology:0.4772; Rheumatoid arthritis:0.4432; Internal medicine:0.4348; Macrophage:0.3855; Inflammatory response:0.3707; Pharmacology:0.367; Cardiology:0.3278; Heart failure:0.3121; Myocarditis:0.289; Antibody:0.2809; Augment:0.2675; Endocrinology:0.2674; Cytokine:0.2597; CCL2:0.2597; Cardiac dysfunction:0.2584,Cardiac Fibrosis and Remodeling:0.9742; Viral Infections and Immunology Research:0.006; Rheumatoid Arthritis Research and Therapies:0.0026,"Animals; Mice; Mice, Transgenic; Monocytes; Interleukin-6; Arthritis, Rheumatoid; Arthritis, Experimental; Male; Interleukin-6 Inhibitors; Flow Cytometry; Female; Enzyme-Linked Immunosorbent Assay; Antibodies, Monoclonal; Disease Models, Animal; Mice, Inbred C57BL","Mice; Mice, Transgenic; Mice, Inbred C57BL",Journal Article,True,"Mice; Mice, Transgenic; Mice, Inbred C57BL","Interleukin-6; Interleukin-6 Inhibitors; Antibodies, Monoclonal","Disease Models, Animal","Monocytes/drug effects; Monocytes/metabolism; Monocytes/immunology; Interleukin-6/blood; Interleukin-6/immunology; Arthritis, Rheumatoid/complications; Arthritis, Rheumatoid/immunology; Arthritis, Rheumatoid/drug therapy; Arthritis, Experimental/immunology; Arthritis, Experimental/complications; Arthritis, Experimental/drug therapy; Antibodies, Monoclonal/pharmacology","Monocytes; Arthritis, Rheumatoid; Arthritis, Experimental; Interleukin-6 Inhibitors; Antibodies, Monoclonal"
https://openalex.org/W7125375293,https://doi.org/10.1093/ejhf/xuag002,41771115,Cardiogenic shock complicating peripartum cardiomyopathy benefits from combination therapy with levosimendan and bromocriptine,2026,"AIMS: Peripartum cardiomyopathy (PPCM) is characterized by left-ventricular systolic dysfunction. Plasminogen-activator-inhibitor 1 (PAI-1) and 16K-prolactin (PRL) are known drivers of PPCM. Treatment of cardiogenic shock (CS) complicating PPCM is challenging. The calcium sensitizer levosimendan (LS) is considered as a beneficial therapy in CS. There are only sparse data regarding the safety and efficacy of LS-treatment in PPCM. We aimed to investigate the molecular effects and safety of LS-treatment in the PPCM mouse model (cardiomyocyte-specific-knockout of signal-transducer-and-activator-of-transcription 3 (STAT3), CKO) and in patients from the German PPCM registry. METHODS AND RESULTS: In the PPCM mouse model, LS-treatment aggravated postpartum heart failure associated with fibrosis, reduced capillary density, and enhanced mortality, whereas LS-treatment together with the PRL-inhibitor bromocriptine (BR) preserved cardiac function. In CKO hearts, LS induced PAI-1 expression via the upregulation of thrombospondin-1/-4, transforming-growth-factor-β, and activation of SMAD2 that could be prevented by combination with BR. In the German PPCM registry, 17 PPCM patients with CS were treated with LS and BR. Despite the severity of CS, all these patients survived the acute phase, and most patients showed cardiac recovery in the ensuing course of the disease (left ventricular ejection fraction at 3-month follow-up: 40 ± 19%). CONCLUSION: Thus, the combination therapy with LS and BR seems to be a safe and potentially beneficial therapeutic concept for the treatment of PPCM patients with CS. As experimental PPCM mouse data suggest that treatment of PPCM patients in CS with LS alone may worsen cardiac function by enhancing the PRL/PAI-1-dependent pathomechanism, treatment of LS in PPCM patients should always be accompanied by BR treatment.",1862,pubmed,261,Medicine:0.97; Peripartum cardiomyopathy:0.8834; Levosimendan:0.7906; Cardiogenic shock:0.7083; Internal medicine:0.6636; Cardiology:0.6354; Combination therapy:0.6339; Bromocriptine:0.6112; Heart failure:0.5666; Cardiac function curve:0.4654; Cardiomyopathy:0.4015; Shock (circulatory):0.3269; Ejection fraction:0.305; Ventricular function:0.3027; Pregnancy:0.2645,Cardiovascular Issues in Pregnancy:0.9788; Heart Failure Treatment and Management:0.0059; Cardiomyopathy and Myosin Studies:0.0015,"Animals; Peripartum Cardiomyopathy; Female; Simendan; Bromocriptine; Pregnancy; Humans; Shock, Cardiogenic; Drug Therapy, Combination; Mice; Cardiotonic Agents; Disease Models, Animal; Adult",Humans; Mice,Journal Article,True,Humans; Mice,Simendan (349552KRHK); Bromocriptine (3A64E3G5ZO); Cardiotonic Agents,"Disease Models, Animal","Peripartum Cardiomyopathy/drug therapy; Peripartum Cardiomyopathy/physiopathology; Simendan/therapeutic use; Bromocriptine/therapeutic use; Bromocriptine/administration & dosage; Shock, Cardiogenic/drug therapy; Shock, Cardiogenic/etiology; Shock, Cardiogenic/physiopathology; Cardiotonic Agents/therapeutic use; Cardiotonic Agents/administration & dosage","Peripartum Cardiomyopathy; Simendan; Bromocriptine; Shock, Cardiogenic"
https://openalex.org/W7125423233,https://doi.org/10.1002/cbf.70169,41566697,ALDH2 and NFκB Activation Restores VEGFR2 Expression and Angiogenesis Impaired by 4‐HNE in Coronary Endothelial Cells,2026,"4-hydroxy-2-nonenal (4HNE), a reactive aldehyde produced during lipid peroxidation, reduces angiogenesis in cultured mouse coronary endothelial cells (MCECs). In our previous studies, we found that 4HNE lowers both mRNA and protein levels of vascular endothelial growth factor receptor 2 (VEGFR2), a key regulator of angiogenesis. Since VEGFR2 transcription is regulated by nuclear factor kappa B (NFκB)-a well-known transcription factor-and aldehyde dehydrogenase 2 (ALDH2), a mitochondrial enzyme that detoxifies 4HNE, we sought to investigate how the interaction between ALDH2, 4HNE, and NFκB and VEGFR2 affects angiogenesis. Given that coronary endothelial cell rarefaction contributes to cardiometabolic conditions such as heart failure with preserved ejection fraction (HFpEF), it is imperative to study the underlying signaling mechanisms regulating coronary angiogenesis. In this study, we hypothesized that activation of ALDH2 enhances NFκB signaling, thereby preventing the 4HNE-induced reduction in VEGFR2 expression and restoring angiogenesis. To test this, MCECs were treated with disulfiram (DSF; 2.5 μM), an ALDH2 inhibitor; Alda-1 (10 μM), an ALDH2 activator; and prostratin (10 μM), an NFκB activator, prior to 4HNE (75 μM) exposure. Prostratin treatment increased both cellular and nuclear levels of NFκB across all conditions. Alda-1 pretreatment significantly rescued 4HNE-induced impairment of angiogenesis (p < 0.005 vs. 4HNE), while prostratin further enhanced Alda-1's effects (p < 0.005 vs. Alda-1 alone). Alda-1 restored VEGFR2 levels suppressed by 4HNE, and this effect was further potentiated by prostratin (p < 0.0005 vs. Alda1). In conclusion, NFκB activation enhances the protective effect of ALDH2 against 4HNE-induced angiogenic dysfunction by restoring VEGFR2 expression.",1805,pubmed,248,ALDH2:0.8102; Angiogenesis:0.7555; Kinase insert domain receptor:0.5507; Chemistry:0.5465; Cancer research:0.5308; Transcription factor:0.4495; Endothelial stem cell:0.4436; Vascular endothelial growth factor:0.4184; Endocrinology:0.4117; Endothelial dysfunction:0.4059; Internal medicine:0.3876; Aldehyde dehydrogenase:0.3771; Vascular endothelial growth factor A:0.3694; Blockade:0.3654; Downregulation and upregulation:0.3638; Kinase:0.3585; Cell biology:0.3376; Neovascularization:0.3071; Medicine:0.2943; Receptor:0.2764; Cardioprotection:0.2635; Regulator:0.2609; Signal transduction:0.2606; Transcription (linguistics):0.2581; Endothelium:0.2564,Alcohol Consumption and Health Effects:0.2277; Advanced Glycation End Products research:0.044; Eicosanoids and Hypertension Pharmacology:0.037,"Vascular Endothelial Growth Factor Receptor-2; Animals; NF-kappa B; Endothelial Cells; Aldehyde Dehydrogenase, Mitochondrial; Mice; Angiogenesis; Aldehydes; Cells, Cultured; Coronary Vessels; Signal Transduction; Neovascularization, Physiologic; Benzodioxoles",Mice,Journal Article,True,Mice,"Vascular Endothelial Growth Factor Receptor-2 (EC 2.7.10.1); NF-kappa B; Aldehyde Dehydrogenase, Mitochondrial (EC 1.2.1.3); Aldehydes; ALDH2 protein, mouse (EC 1.2.1.3); 4-hydroxy-2-nonenal (K1CVM13F96); Kdr protein, mouse (EC 2.7.10.1); Benzodioxoles",,"Vascular Endothelial Growth Factor Receptor-2/metabolism; Vascular Endothelial Growth Factor Receptor-2/genetics; NF-kappa B/metabolism; Endothelial Cells/metabolism; Endothelial Cells/drug effects; Endothelial Cells/cytology; Aldehyde Dehydrogenase, Mitochondrial/metabolism; Aldehyde Dehydrogenase, Mitochondrial/antagonists & inhibitors; Angiogenesis/drug effects; Aldehydes/pharmacology; Coronary Vessels/cytology; Coronary Vessels/metabolism; Signal Transduction/drug effects; Neovascularization, Physiologic/drug effects; Benzodioxoles/pharmacology","Vascular Endothelial Growth Factor Receptor-2; NF-kappa B; Endothelial Cells; Aldehyde Dehydrogenase, Mitochondrial; Angiogenesis; Aldehydes; Coronary Vessels; Neovascularization, Physiologic"
https://openalex.org/W7125494817,https://doi.org/10.1007/s10495-026-02264-8,41575474,BMP7 attenuates myocardial injury and preserves cardiac function after myocardial infarction by inhibiting cardiomyocyte pyroptosis,2026,"Myocardial injury and adverse remodeling following acute myocardial infarction (MI) drive heart failure progression, in which cardiomyocyte pyroptosis plays a critical pathogenic role. Bone morphogenetic protein 7 (BMP7) exerts anti-fibrotic and anti-inflammatory effects; however, its role in regulating pyroptosis during post-infarction cardiac repair remains unclear. We found that plasma BMP7 levels were markedly reduced in patients with chronic MI, showing a positive association with left ventricular ejection fraction and a negative correlation with myocardial fibrosis quantified by late gadolinium enhancement cardiac magnetic resonance imaging. In a mouse MI model, cardiomyocyte-specific BMP7 overexpression or exogenous BMP7 supplementation preserved cardiac function, reduced infarct size, and attenuated fibrosis and pyroptosis, whereas pharmacological inhibition of BMP7 with DMH-1 aggravated myocardial dysfunction and fibrosis. In primary neonatal rat ventricular myocytes, hypoxia induced BMP7 downregulation with increased pyroptosis, which was reversed by recombinant BMP7, while siRNA-mediated BMP7 knockdown further promoted pyroptotic death. BMP7 also suppressed the transition of cardiac fibroblasts into myofibroblasts. Mechanistically, BMP7 suppressed NF-κB p65 nuclear translocation, thereby limiting NLRP3 inflammasome activation and reducing pyroptosis. These findings identify BMP7 as a cardioprotective factor mitigating myocardial injury and remodeling after MI through NF-κB/NLRP3 inhibition, suggesting BMP7 as a potential therapeutic target for preventing heart failure.",1606,pubmed,200,Myocardial fibrosis:0.7226; Myocardial infarction:0.6997; Cardiac fibrosis:0.6459; Cardiac function curve:0.6376; Medicine:0.6244; Pyroptosis:0.6202; Bone morphogenetic protein 7:0.5999; Internal medicine:0.5607; Cardiology:0.54; Heart failure:0.5035; Ventricular remodeling:0.4826; Fibrosis:0.4067; Cardioprotection:0.3995; Myofibroblast:0.3833; Downregulation and upregulation:0.3456; Ejection fraction:0.3453; Inflammasome:0.3277; Gene knockdown:0.2963; Cardiac Rupture:0.2792; Cardiomyopathy:0.2506,Inflammasome and immune disorders:0.6948; Cardiac Fibrosis and Remodeling:0.2054; Congenital heart defects research:0.0157,"Animals; Bone Morphogenetic Protein 7; Myocardial Infarction; Pyroptosis; Myocytes, Cardiac; Humans; Rats; Mice; Male; NLR Family, Pyrin Domain-Containing 3 Protein; Fibrosis; Myocardium; Disease Models, Animal; Mice, Inbred C57BL; Inflammasomes; Rats, Sprague-Dawley","Humans; Rats; Mice; Mice, Inbred C57BL; Rats, Sprague-Dawley","Journal Article; Research Support, Non-U.S. Gov't",True,"Humans; Rats; Mice; Mice, Inbred C57BL; Rats, Sprague-Dawley","Bone Morphogenetic Protein 7; NLR Family, Pyrin Domain-Containing 3 Protein; Inflammasomes; bmp7 protein, mouse","Disease Models, Animal","Bone Morphogenetic Protein 7/metabolism; Bone Morphogenetic Protein 7/genetics; Bone Morphogenetic Protein 7/blood; Myocardial Infarction/metabolism; Myocardial Infarction/physiopathology; Myocardial Infarction/pathology; Myocardial Infarction/genetics; Pyroptosis/genetics; Pyroptosis/drug effects; Myocytes, Cardiac/metabolism; Myocytes, Cardiac/pathology; NLR Family, Pyrin Domain-Containing 3 Protein/metabolism; NLR Family, Pyrin Domain-Containing 3 Protein/genetics; Myocardium/pathology; Myocardium/metabolism; Inflammasomes/metabolism","Bone Morphogenetic Protein 7; Myocardial Infarction; Pyroptosis; Myocytes, Cardiac"
https://openalex.org/W7125935658,https://doi.org/10.1016/j.lfs.2026.124248,41616847,High-intensity interval training attenuates the progression of diastolic and skeletal muscle dysfunction in the two-hit mouse model of HFpEF,2026,"BACKGROUND: Heart failure with preserved ejection fraction (HFpEF) is a multifactorial syndrome characterized by diastolic dysfunction, metabolic disturbances, and skeletal muscle impairments. Exercise training has been recommended as non-pharmacological therapy for HFpEF. Yet its effects on cardiac, renal, skeletal muscle, and metabolic homeostasis remain incompletely understood. AIM: We investigated the systemic effects of exercise training in the ""two-hit"" mouse model of HFpEF. METHODS: Male C57BL/6 N mice were assigned to either a sedentary HFpEF group (20 weeks) (n = 10) or a high-intensity interval training (HIIT) intervention for five weeks (training was initiated in the 15th week of the protocol) (n = 10), and a control group (n = 8). Cardiac function was assessed via echocardiography, while glucose metabolism, renal function, and skeletal muscle adaptations were evaluated through metabolic assays, histological analyses, and molecular studies. RESULTS: HIIT reduced diastolic dysfunction, as indicated by a slightly lower E/e' ratio and reduced myocardial collagen deposition. Skeletal muscle integrity was improved, with a higher proportion of oxidative fibers in the gastrocnemius, while the quadriceps showed hypertrophy in both oxidative and less oxidative fibers. It also promotes an anabolic environment and mitochondrial enhancement. Force generation was also increased. Furthermore, HIIT reduced insulin levels without affecting renal function but decreased markers of kidney damage. CONCLUSIONS: These findings demonstrate that HIIT attenuates diastolic and skeletal muscle dysfunction in the two-hit HFpEF mice model. Understanding how exercise training influences HFpEF phenotypes could provide novel insights into therapeutic strategies for patients with cardiovascular and metabolic comorbidities.",1832,pubmed,248,Medicine:0.8293; Diastole:0.7372; Skeletal muscle:0.7227; Internal medicine:0.7099; Cardiology:0.7019; Cardiovascular health:0.357; Heart failure with preserved ejection fraction:0.3481; Interval training:0.3416; Interval (graph theory):0.3033; Diastolic function:0.2604; Diastolic heart failure:0.2532; Hemodynamics:0.2529,Cardiovascular Function and Risk Factors:0.2465; Cardiovascular and exercise physiology:0.2409; Adipose Tissue and Metabolism:0.1419,"Animals; Male; High-Intensity Interval Training; Mice; Mice, Inbred C57BL; Muscle, Skeletal; Disease Models, Animal; Heart Failure; Physical Conditioning, Animal; Stroke Volume; Diastole; Disease Progression; Echocardiography","Mice; Mice, Inbred C57BL",Journal Article,True,"Mice; Mice, Inbred C57BL",,"Disease Models, Animal","High-Intensity Interval Training/methods; Muscle, Skeletal/physiopathology; Muscle, Skeletal/metabolism; Heart Failure/physiopathology; Heart Failure/therapy; Heart Failure/metabolism; Stroke Volume/physiology; Diastole/physiology","High-Intensity Interval Training; Muscle, Skeletal; Heart Failure; Physical Conditioning, Animal"
https://openalex.org/W7126089664,https://doi.org/10.1186/s12933-026-03090-7,41612389,Sex-specific cardioprotective role of miR-30a-5p through estrogen-dependent mechanisms in a mouse model of heart failure,2026,"BACKGROUND: In recent years, except for the well-known heart failure with reduced ejection fraction (HFrEF), the incidence of heart failure with preserved ejection fraction (HFpEF) and heart failure with mildly reduced ejection fraction (HFmrEF) among the classification of heart failure (HF) has been increasing. However, due to their complex mechanisms, current research remains insufficient to address clinical needs. METHODS AND RESULTS: Utilizing wild-type (WT), miR-30a-5p knockout (KO), and overexpression (OE) murine models combined with estrogen modulation and ovariectomy (OVX), this study delineates sex-specific regulatory networks in HF pathogenesis. Female KO mice lost the inherent resistance of WT females to HFpEF induction via 24-week HFD/L-NAME, whereas males exhibited comparable HFpEF susceptibility regardless of genotype, developing hallmark phenotypes including diastolic dysfunction (E/E'), myocardial hypertrophy (heart weight/tibia length), cardiac fibrosis, and hepatic steatosis. Particularly, due to the reduced ejection fraction in KO mice, combined with HFD/L-NAME, the HF phenotype was ultimately manifested as impaired diastolic function and slightly reduced ejection fraction (with the characteristics of HFpEF and HFmrEF). Mechanistically, KO-HF females displayed significant estrogen axis disruption (plasma estradiol and the expression of ERα, ERβ, ESRRA, and PELP1 expression). OVX in WT females validated the importance of estrogen for HFpEF resistance. Transcriptomic profiling identified convergent targets across cardiac (ITGAD, ITGAM, FGA, and FGB) and hepatic tissues (APOA1 and APOB), revealing miR-30a-5p's orchestration of extracellular matrix remodeling (via ITGAD/ITGAM mechanotransduction),fibrinogen-mediated microvascular homeostasis, and APOB-driven metabolic dysregulation. Notably, OE intervention failed to mitigate OVX-induced cardiac/hepatic pathology, implicating estrogen-dependent miR-30a-5p functionality. CONCLUSIONS: These findings establish miR-30a-5p as a crucial sex-specific regulator of HF (mainly HFpEF), operating through estrogen signaling to balance cardiac compliance and metabolic adaptation.",2168,pubmed,269,Medicine:0.8684; Heart failure:0.8211; Regulator:0.6944; Angiology:0.6643; Internal medicine:0.5926; Cardiology:0.5775; Compliance (psychology):0.4555; Balance (ability):0.3809; Diabetes mellitus:0.3739; Estrogen:0.3586; Signal transduction:0.2794; Endocrinology:0.2777; Preclinical research:0.2723; Cardioprotection:0.2582; Heart disease:0.2548; Bioinformatics:0.2526,MicroRNA in disease regulation:0.3141; Cardiac Fibrosis and Remodeling:0.2302; Cardiovascular Function and Risk Factors:0.0824,"Animals; MicroRNAs; Female; Heart Failure; Disease Models, Animal; Stroke Volume; Mice, Knockout; Male; Ventricular Function, Left; Sex Factors; Estrogens; Mice, Inbred C57BL; Signal Transduction; Phenotype; Fibrosis; Ovariectomy; Myocardium; Gene Expression Regulation; Ventricular Remodeling; Ventricular Dysfunction, Left; Estradiol","Mice, Knockout; Mice, Inbred C57BL",Journal Article; Comparative Study,True,"Mice, Knockout; Mice, Inbred C57BL","MicroRNAs; Estrogens; MIRN30a microRNA, mouse; Estradiol (4TI98Z838E)","Disease Models, Animal; Ovariectomy","MicroRNAs/genetics; MicroRNAs/metabolism; Heart Failure/physiopathology; Heart Failure/genetics; Heart Failure/metabolism; Heart Failure/prevention & control; Estrogens/metabolism; Myocardium/metabolism; Myocardium/pathology; Ventricular Dysfunction, Left/physiopathology; Ventricular Dysfunction, Left/metabolism; Ventricular Dysfunction, Left/genetics; Ventricular Dysfunction, Left/prevention & control","MicroRNAs; Heart Failure; Stroke Volume; Ventricular Function, Left; Estrogens; Ventricular Dysfunction, Left; Estradiol"
