openalex_id,doi,pmid,title,publication_year,abstract,abstract_chars,abstract_source,abstract_word_count,concepts,topics,mesh_headings,mesh_species
https://openalex.org/W3045017962,https://doi.org/10.1002/ehf2.12915,32710530,ZSF1 Rat as Animal Model for HFpEF: Development of Reduced Diastolic Function and Skeletal Muscle Dysfunction,2020,"AIMS: The prevalence of heart failure with preserved ejection fraction (HFpEF) is still increasing, and so far, no pharmaceutical treatment has proven to be effective. A key obstacle for testing new pharmaceutical substances is the availability of suitable animal models for HFpEF, which realistically reflect the clinical picture. The aim of the present study was to characterize the development of HFpEF and skeletal muscle (SM) dysfunction in ZSF1 rats over time. METHODS AND RESULTS: Echocardiography and functional analyses of the SM were performed in 6-, 10-, 15-, 20-, and 32-week-old ZSF1-lean and ZSF1-obese. Furthermore, myocardial and SM tissue was collected for molecular and histological analyses. HFpEF markers were evident as early as 10 weeks of age. Diastolic dysfunction, confirmed by a significant increase in E/e', was detectable at 10 weeks. Increased left ventricular mRNA expression of collagen and BNP was detected in ZSF1-obese animals as early as 15 and 20 weeks, respectively. The loss of muscle force was measurable in the extensor digitorum longus starting at 15 weeks, whereas the soleus muscle function was impaired at Week 32. In addition, at Week 20, markers for aortic valve sclerosis were increased. CONCLUSIONS: Our measurements confirmed the appearance of HFpEF in ZSF1-obese rats as early as 10 weeks of age, most likely as a result of the pre-existing co-morbidities. In addition, SM function was reduced after the manifestation of HFpEF. In conclusion, the ZSF1 rat may serve as a suitable animal model to study pharmaceutical strategies for the treatment of HFpEF.",1605,pubmed,249,Medicine:0.8899; Heart failure with preserved ejection fraction:0.8055; Cardiology:0.7041; Internal medicine:0.6968; Heart failure:0.6768; Diastolic function:0.5837; Diastole:0.5727; Ejection fraction:0.4634; Skeletal muscle:0.4619; Blood pressure:0.1291,Cardiovascular Function and Risk Factors:0.981; Cardiomyopathy and Myosin Studies:0.0084; Cardiac Fibrosis and Remodeling:0.0037,"Animals; Diastole; Disease Models, Animal; Heart Failure; Muscle, Skeletal; Rats; Stroke Volume",Rats
https://openalex.org/W4404873586,https://doi.org/10.1016/j.biopha.2024.117711,39616735,The NLRP3-inflammasome inhibitor MCC950 improves cardiac function in a HFpEF mouse model,2024,"Heart failure with preserved ejection fraction (HFpEF) is posing a significant medical challenge due to its growing prevalence, high hospitalization rates and limited response to current treatment options. Accumulating evidence suggests that a comorbidity-driven systemic pro-inflammatory state, including activation of the NLRP3 inflammasome, contributes to the pathogenesis of HFpEF. This study aimed to investigate the potential cardiac protective effects of the selective NLRP3 inhibitor MCC950, in a mouse model of HFpEF. HFpEF was obtained in 18-22 months old female mice using high-fat diet (HFD) and angiotensin II (AngII) infusion. Mice developed HFpEF and comorbidities such as obesity, type 2 diabetes, and hypertension. MCC950 was added to HFD and groups were treated for four weeks until the study endpoint. MCC950 treatment resulted in lower plasma IL-18 levels (-47.3 %), illustrating target engagement. First, we observed that MCC950 treatment improved left ventricular function, demonstrated by enhanced global longitudinal strain (GLS, 3.9 %, P<0.01) and reverse peak longitudinal strain (RPLSR, +46.8 %, P<0.05). Second, MCC950 reduced cardiac hypertrophy (cardiomyocyte size -19.5 %, P<0.001) and fibrosis (-32.5 %, P<0.05), accompanied by lower expression of pro-fibrotic genes. Finally, MCC950 treatment reduced macrophage infiltration in left ventricular tissue and attenuated macrophage accumulation in visceral adipose tissue, even more as compared to caloric restriction. Overall, this suggests that NLRP3 inhibition could be a promising treatment for HFpEF patients with a pro-inflammatory profile, potentially improving heart function, systemic inflammation, and metabolic parameters.",1712,pubmed,234,Inflammasome:0.888; Function (biology):0.5413; Cardiac function curve:0.5333; Medicine:0.5314; Receptor:0.3538; Cardiology:0.2633; Cell biology:0.2349; Internal medicine:0.2172; Biology:0.1891; Heart failure:0.1395,"Cardiovascular, Neuropeptides, and Oxidative Stress Research:0.9974; Fatty Acid Research and Health:0.9972; Eicosanoids and Hypertension Pharmacology:0.9954","Animals; NLR Family, Pyrin Domain-Containing 3 Protein; Sulfonamides; Disease Models, Animal; Female; Furans; Inflammasomes; Heart Failure; Mice; Indenes; Sulfones; Mice, Inbred C57BL; Stroke Volume; Ventricular Function, Left; Diet, High-Fat; Angiotensin II; Heterocyclic Compounds, 4 or More Rings","Mice; Mice, Inbred C57BL"
https://openalex.org/W4296480866,https://doi.org/10.3390/ijms231910989,36232292,Empagliflozin Preserves Skeletal Muscle Function in a HFpEF Rat Model,2022,"Besides structural alterations in the myocardium, heart failure with preserved ejection fraction (HFpEF) is also associated with molecular and physiological alterations of the peripheral skeletal muscles (SKM) contributing to exercise intolerance often seen in HFpEF patients. Recently, the use of Sodium-Glucose-Transporter 2 inhibitors (SGLT2i) in clinical studies provided evidence for a significant reduction in the combined risk of cardiovascular death or hospitalization for HFpEF. The present study aimed to further elucidate the impact of Empagliflozin (Empa) on: (1) SKM function and metabolism and (2) mitochondrial function in an established HFpEF rat model. At the age of 24 weeks, obese ZSF1 rats were randomized either receiving standard care or Empa in the drinking water. ZSF1 lean animals served as healthy controls. After 8 weeks of treatment, echocardiography and SKM contractility were performed. Mitochondrial function was assessed in saponin skinned fibers and SKM tissue was snap frozen for molecular analyses. HFpEF was evident in the obese animals when compared to lean-increased E/é and preserved left ventricular ejection fraction. Empa treatment significantly improved E/é and resulted in improved SKM contractility with reduced intramuscular lipid content. Better mitochondrial function (mainly in complex IV) with only minor modulation of atrophy-related proteins was seen after Empa treatment. The results clearly documented a beneficial effect of Empa on SKM function in the present HFpEF model. These effects were accompanied by positive effects on mitochondrial function possibly modulating SKM function.",1638,pubmed,232,Empagliflozin:0.9137; Heart failure with preserved ejection fraction:0.751; Internal medicine:0.7306; Medicine:0.7062; Cardiology:0.6197; Contractility:0.6092; Ejection fraction:0.5504; Endocrinology:0.5449; Exercise intolerance:0.54; Heart failure:0.52; Cardiorespiratory fitness:0.4381; Skeletal muscle:0.413; Type 2 diabetes:0.403; Diabetes mellitus:0.401,"Cardiovascular Function and Risk Factors:0.9997; Metabolism, Diabetes, and Cancer:0.9994; Pancreatic function and diabetes:0.9985","Animals; Benzhydryl Compounds; Disease Models, Animal; Drinking Water; Glucose; Glucosides; Heart Failure; Lipids; Muscle, Skeletal; Obesity; Rats; Saponins; Sodium; Stroke Volume; Ventricular Function, Left",Rats
https://openalex.org/W2626105304,https://doi.org/10.1161/circheartfailure.116.003806,28611124,Endothelial Senescence Contributes to Heart Failure With Preserved Ejection Fraction in an Aging Mouse Model,2017,"BACKGROUND: Because of global aging, the prevalence of heart failure with preserved ejection fraction (HFpEF) continues to rise. Although HFpEF pathophysiology remains incompletely understood, endothelial inflammation is stated to play a central role. Cellular senescence is a process of cellular growth arrest linked with aging and inflammation. We used mice with accelerated aging to investigate the role of cellular senescence in HFpEF development. METHODS AND RESULTS: Senescence-accelerated mice (SAM, n=18) and control mice with normal senescence (n=15) were fed normal chow or a high-fat, high-salt diet (WD). Vascular and cardiac function was assessed at 8, 16, and 24 weeks of age. At 24 weeks, both SAM on WD (SAM-WD) and SAM on regular diet displayed endothelial dysfunction, as evidenced by impaired acetylcholine-induced relaxation of aortic segments and reduced basal nitric oxide. At week 24, SAM-WD had developed HFpEF, characterized by diastolic dysfunction, left ventricular hypertrophy, left atrial dilatation, and interstitial fibrosis. Also, exercise capacity was reduced and lung weight increased. Cardiovascular inflammation and senescence were assessed by immunohistochemical and immunofluorescence staining of hearts and aortas. SAM-WD showed increased endothelial inflammation (intercellular adhesion molecule 1 expression) and increased endothelial senescence (acetyl-p53/CD31 costaining). The latter correlated with diastolic function and intercellular adhesion molecule 1 expression. CONCLUSIONS: SAM develop endothelial dysfunction. Adding a high-salt, high-fat diet accelerates endothelial senescence and instigates endothelial inflammation. This coincides with hemodynamic and structural changes typical of HFpEF. Targeting endothelial senescence could be a new therapeutic avenue in HFpEF.",1822,pubmed,241,Senescence:0.884; Endothelial dysfunction:0.6867; Internal medicine:0.6625; Inflammation:0.5805; Endothelium:0.5613; Heart failure:0.5602; Heart failure with preserved ejection fraction:0.5198; Medicine:0.4857; Endocrinology:0.483; Ageing:0.4767; Fibrosis:0.4502; Diastole:0.4484; Ejection fraction:0.3649; Cardiology:0.3477; Blood pressure:0.107,Cardiovascular Function and Risk Factors:0.483; Cardiac Fibrosis and Remodeling:0.1348; Nitric Oxide and Endothelin Effects:0.1185,"Aging; Animals; Cellular Senescence; Disease Models, Animal; Echocardiography; Endothelium, Vascular; Female; Heart Failure; Mice; Stroke Volume",Mice
https://openalex.org/W1516799253,https://doi.org/10.1002/ejhf.239,25655080,"Heart Failure with Preserved Ejection Fraction Induces Molecular, Mitochondrial, Histological, and Functional Alterations in Rat Respiratory and Limb Skeletal Muscle",2015,"AIMS: Peripheral muscle dysfunction is a key mechanism contributing to exercise intolerance (i.e. breathlessness and fatigue) in heart failure patients with preserved ejection fraction (HFpEF); however, the underlying molecular and cellular mechanisms remain unknown. We therefore used an animal model to elucidate potential molecular, mitochondrial, histological, and functional alterations induced by HFpEF in the diaphragm and soleus, while also determining the possible benefits associated with exercise training. METHODS AND RESULTS: Female Dahl salt-sensitive rats were fed a low (CON; n = 10) or high salt (HFpEF; n = 11) diet of 0.3% or 8% NaCl, respectively, or a high salt diet in combination with treadmill exercise training (n = 11). Compared with low-salt rats, high-salt rats developed (P < 0.05) HFpEF. Compared with CON, the diaphragm of HFpEF rats demonstrated (P < 0.05): a fibre type shift from fast-to-slow twitch; fibre atrophy; a decreased pro-oxidative but increased anti-oxidant capacity; reduced proteasome activation; impaired in situ mitochondrial respiration; and in vitro muscle weakness and increased fatigability. The soleus also demonstrated numerous alterations (P < 0.05), including fibre atrophy, decreased anti-oxidant capacity, reduced mitochondrial density, and increased fatigability. Exercise training, however, prevented mitochondrial and functional impairments in both the diaphragm and soleus (P < 0.05). CONCLUSION: Our findings are the first to demonstrate that HFpEF induces significant molecular, mitochondrial, histological, and functional alterations in the diaphragm and soleus, which were attenuated by exercise training. These data therefore reveal novel mechanisms and potential therapeutic treatments of exercise intolerance in HFpEF.",1788,pubmed,247,Heart failure with preserved ejection fraction:0.761; Medicine:0.747; Exercise intolerance:0.6976; Internal medicine:0.6496; Heart failure:0.5803; Atrophy:0.5775; Endocrinology:0.5436; Cardiology:0.5207; Diaphragm (acoustics):0.5182; Oxidative stress:0.4678; Endurance training:0.4656; Ejection fraction:0.4461; Skeletal muscle:0.4407; Mitochondrion:0.4313; Weakness:0.4129; Anatomy:0.2177; Chemistry:0.1685; Biochemistry:0.1577; Loudspeaker:0; Physics:0; Acoustics:0,Cardiovascular and exercise physiology:0.6061; Cardiovascular Function and Risk Factors:0.2891; Heart Failure Treatment and Management:0.0204,"Animals; Catalase; Diaphragm; Exercise Tolerance; Female; Heart Failure; Mitochondria, Muscle; Models, Animal; Muscle, Skeletal; Myosin Light Chains; NADPH Oxidases; Oxidative Stress; Rats; Rats, Inbred Dahl; Stroke Volume; Superoxide Dismutase; Troponin C","Rats; Rats, Inbred Dahl"
https://openalex.org/W2306006469,https://doi.org/10.1007/s12471-016-0815-9,26936157,Animal models of heart failure with preserved ejection fraction,2016,"Heart failure with preserved ejection fraction (HFpEF) constitutes a clinical syndrome in which the diagnostic criteria of heart failure are not accompanied by gross disturbances of systolic function, as assessed by ejection fraction. In turn, under most circumstances, diastolic function is impaired. Although it now represents over 50 % of all patients with heart failure, the mechanisms of HFpEF remain understood, precluding effective therapy. Understanding the pathophysiology of HFpEF has been restricted by both limited access to human myocardial biopsies and by the lack of animal models that fully mimic human pathology. Animal models are valuable research tools to clarify subcellular and molecular mechanisms under conditions where the comorbidities and other confounding factors can be precisely controlled. Although most of the heart failure animal models currently available represent heart failure with reduced ejection fraction, several HFpEF animal models have been proposed. However, few of these fulfil all the features present in human disease. In this review we will provide an overview of the currently available models to study HFpEF from rodents to large animals as well as present advantages and disadvantages of these models.",1251,pubmed,184,Heart failure:0.875; Heart failure with preserved ejection fraction:0.8528; Ejection fraction:0.8071; Medicine:0.751; Cardiology:0.5686; Internal medicine:0.4697; Confounding:0.4632; Disease:0.4387; Diastole:0.4317; Animal model:0.4111; Blood pressure:0.1314,Cardiovascular Function and Risk Factors:0.9997; Heart Failure Treatment and Management:0.9973; Cardiac electrophysiology and arrhythmias:0.9965,,
https://openalex.org/W4386245637,https://doi.org/10.1038/s41401-023-01152-0,37644131,Animal models of heart failure with preserved ejection fraction (HFpEF): from metabolic pathobiology to drug discovery,2023,"Heart failure (HF) with preserved ejection fraction (HFpEF) is currently a preeminent challenge for cardiovascular medicine. It has a poor prognosis, increasing mortality, and is escalating in prevalence worldwide. Despite accounting for over 50% of all HF patients, the mechanistic underpinnings driving HFpEF are poorly understood, thus impeding the discovery and development of mechanism-based therapies. HFpEF is a disease syndrome driven by diverse comorbidities, including hypertension, diabetes and obesity, pulmonary hypertension, aging, and atrial fibrillation. There is a lack of high-fidelity animal models that faithfully recapitulate the HFpEF phenotype, owing primarily to the disease heterogeneity, which has hampered our understanding of the complex pathophysiology of HFpEF. This review provides an updated overview of the currently available animal models of HFpEF and discusses their characteristics from the perspective of energy metabolism. Interventional strategies for efficiently utilizing energy substrates in preclinical HFpEF models are also discussed.",1079,pubmed,144,Heart failure with preserved ejection fraction:0.9254; Medicine:0.7946; Heart failure:0.6874; Atrial fibrillation:0.6373; Cardiology:0.5906; Disease:0.5745; Internal medicine:0.5441; Pulmonary hypertension:0.455; Intensive care medicine:0.4461; Diabetes mellitus:0.4336; Precision medicine:0.411; Ejection fraction:0.4102; Pathology:0.0953; Endocrinology:0,Cardiovascular Function and Risk Factors:0.9998; Heart Failure Treatment and Management:0.9982; Fuel Cells and Related Materials:0.9914,Animals; Humans; Heart Failure; Stroke Volume; Comorbidity; Hypertension; Drug Discovery,Humans
https://openalex.org/W4319602542,https://doi.org/10.3389/fcvm.2023.1105581,36844730,Fecal microbiome transplantation and tributyrin improves early cardiac dysfunction and modifies the BCAA metabolic pathway in a diet induced pre-HFpEF mouse model,2023,"More than 50% of patients with heart failure present with heart failure with preserved ejection fraction (HFpEF), and 80% of them are overweight or obese. In this study we developed an obesity associated pre-HFpEF mouse model and showed an improvement in both systolic and diastolic early dysfunction following fecal microbiome transplant (FMT). Our study suggests that the gut microbiome-derived short-chain fatty acid butyrate plays a significant role in this improvement. Cardiac RNAseq analysis showed butyrate to significantly upregulate ppm1k gene that encodes protein phosphatase 2Cm (PP2Cm) which dephosphorylates and activates branched-chain α-keto acid dehydrogenase (BCKDH) enzyme, and in turn increases the catabolism of branched chain amino acids (BCAAs). Following both FMT and butyrate treatment, the level of inactive p-BCKDH in the heart was reduced. These findings show that gut microbiome modulation can alleviate early cardiac mechanics dysfunction seen in the development of obesity associated HFpEF.",1021,pubmed,145,Butyrate:0.7938; Heart failure with preserved ejection fraction:0.7668; Heart failure:0.6257; Catabolism:0.6008; Medicine:0.5814; Internal medicine:0.5667; Microbiome:0.5624; Endocrinology:0.4875; Transplantation:0.4692; Diastole:0.4554; Short-chain fatty acid:0.4416; Overweight:0.4222; Cardiology:0.4174; Obesity:0.3797; Ejection fraction:0.3638; Biology:0.2368; Bioinformatics:0.2281; Biochemistry:0.1613; Blood pressure:0.1397; Metabolism:0.1391; Fermentation:0,Cardiovascular Function and Risk Factors:0.9996; Gut microbiota and health:0.9863; Diet and metabolism studies:0.9844,,
https://openalex.org/W4220926375,https://doi.org/10.1002/jcsm.12968,35301823,Targeting MuRF1 by small molecules in a HFpEF rat model improves myocardial diastolic function and skeletal muscle contractility,2022,"BACKGROUND: About half of heart failure (HF) patients, while having preserved left ventricular function, suffer from diastolic dysfunction (so-called HFpEF). No specific therapeutics are available for HFpEF in contrast to HF where reduced ejection fractions (HFrEF) can be treated pharmacologically. Myocardial titin filament stiffening, endothelial dysfunction, and skeletal muscle (SKM) myopathy are suspected to contribute to HFpEF genesis. We previously described small molecules interfering with MuRF1 target recognition thereby attenuating SKM myopathy and dysfunction in HFrEF animal models. The aim of the present study was to test the efficacy of one small molecule (MyoMed-205) in HFpEF and to describe molecular changes elicited by MyoMed-205. METHODS: Twenty-week-old female obese ZSF1 rats received the MuRF1 inhibitor MyoMed-205 for 12 weeks; a comparison was made to age-matched untreated ZSF1-lean (healthy) and obese rats as controls. LV (left ventricle) function was assessed by echocardiography and by invasive haemodynamic measurements until week 32. At week 32, SKM and endothelial functions were measured and tissues collected for molecular analyses. Proteome-wide analysis followed by WBs and RT-PCR was applied to identify specific genes and affected molecular pathways. MuRF1 knockout mice (MuRF1-KO) SKM tissues were included to validate MuRF1-specificity. RESULTS: By week 32, untreated obese rats had normal LV ejection fraction but augmented E/e' ratios and increased end diastolic pressure and myocardial fibrosis, all typical features of HFpEF. Furthermore, SKM myopathy (both atrophy and force loss) and endothelial dysfunction were detected. In contrast, MyoMed-205 treated rats had markedly improved diastolic function, less myocardial fibrosis, reduced SKM myopathy, and increased SKM function. SKM extracts from MyoMed-205 treated rats had reduced MuRF1 content and lowered total muscle protein ubiquitination. In addition, proteomic profiling identified eight proteins to respond specifically to MyoMed-205 treatment. Five out of these eight proteins are involved in mitochondrial metabolism, dynamics, or autophagy. Consistent with the mitochondria being a MyoMed-205 target, the synthesis of mitochondrial respiratory chain complexes I + II was increased in treated rats. MuRF1-KO SKM controls also had elevated mitochondrial complex I and II activities, also suggesting mitochondrial activity regulation by MuRF1. CONCLUSIONS: MyoMed-205 improved myocardial diastolic function and prevented SKM atrophy/function in the ZSF1 animal model of HFpEF. Mechanistically, SKM benefited from an attenuated ubiquitin proteasome system and augmented synthesis/activity of proteins of the mitochondrial respiratory chain while the myocardium seemed to benefit from reduced titin modifications and fibrosis.",2834,pubmed,386,Medicine:0.8725; Cardiology:0.7625; Heart failure with preserved ejection fraction:0.7534; Internal medicine:0.7413; Myopathy:0.6564; Heart failure:0.645; Diastole:0.6444; Contractility:0.6333; Ejection fraction:0.6224; Ventricle:0.5022; Myocardial fibrosis:0.4253; Blood pressure:0.2609,Cardiomyopathy and Myosin Studies:0.5825; Cardiovascular Function and Risk Factors:0.3514; Cardiac Fibrosis and Remodeling:0.0204,"Animals; Connectin; Diastole; Female; Fibrosis; Heart Failure; Mice; Mice, Knockout; Muscle Proteins; Muscle, Skeletal; Muscular Atrophy; Myocardium; Rats; Small Molecule Libraries; Stroke Volume; Tripartite Motif Proteins; Ubiquitin-Protein Ligases","Mice; Mice, Knockout; Rats"
https://openalex.org/W3082464276,https://doi.org/10.1093/cvr/cvaa256,32871009,The effects of liraglutide and dapagliflozin on cardiac function and structure in a multi-hit mouse model of heart failure with preserved ejection fraction,2020,"AIMS: Heart failure with preserved ejection fraction (HFpEF) is a multifactorial disease that constitutes several distinct phenotypes, including a common cardiometabolic phenotype with obesity and type 2 diabetes mellitus. Treatment options for HFpEF are limited, and development of novel therapeutics is hindered by the paucity of suitable preclinical HFpEF models that recapitulate the complexity of human HFpEF. Metabolic drugs, like glucagon-like peptide receptor agonist (GLP-1 RA) and sodium-glucose co-transporter 2 inhibitors (SGLT2i), have emerged as promising drugs to restore metabolic perturbations and may have value in the treatment of the cardiometabolic HFpEF phenotype. We aimed to develop a multifactorial HFpEF mouse model that closely resembles the cardiometabolic HFpEF phenotype, and evaluated the GLP-1 RA liraglutide (Lira) and the SGLT2i dapagliflozin (Dapa). METHODS AND RESULTS: Aged (18-22 months old) female C57BL/6J mice were fed a standardized chow (CTRL) or high-fat diet (HFD) for 12 weeks. After 8 weeks HFD, angiotensin II (ANGII), was administered for 4 weeks via osmotic mini pumps. HFD + ANGII resulted in a cardiometabolic HFpEF phenotype, including obesity, impaired glucose handling, and metabolic dysregulation with inflammation. The multiple hit resulted in typical clinical HFpEF features, including cardiac hypertrophy and fibrosis with preserved fractional shortening but with impaired myocardial deformation, atrial enlargement, lung congestion, and elevated blood pressures. Treatment with Lira attenuated the cardiometabolic dysregulation and improved cardiac function, with reduced cardiac hypertrophy, less myocardial fibrosis, and attenuation of atrial weight, natriuretic peptide levels, and lung congestion. Dapa treatment improved glucose handling, but had mild effects on the HFpEF phenotype. CONCLUSIONS: We developed a mouse model that recapitulates the human HFpEF disease, providing a novel opportunity to study disease pathogenesis and the development of enhanced therapeutic approaches. We furthermore show that attenuation of cardiometabolic dysregulation may represent a novel therapeutic target for the treatment of HFpEF.",2187,pubmed,298,Liraglutide:0.8367; Ejection fraction:0.8222; Heart failure:0.7249; Dapagliflozin:0.6995; Cardiology:0.6106; Cardiac function curve:0.6023; Internal medicine:0.5592; Medicine:0.5112; Endocrinology:0.2502; Diabetes mellitus:0.17; Type 2 diabetes:0.1064,Cardiovascular Function and Risk Factors:0.9073; Diabetes Treatment and Management:0.0516; Heart Failure Treatment and Management:0.0276,"Angiotensin II; Animals; Benzhydryl Compounds; Blood Glucose; Diet, High-Fat; Disease Models, Animal; Female; Fibrosis; Gene Expression Regulation; Glucagon-Like Peptide-1 Receptor; Glucosides; Heart Failure, Diastolic; Hypertrophy, Left Ventricular; Incretins; Liraglutide; Mice, Inbred C57BL; Myocardium; Signal Transduction; Sodium-Glucose Transporter 2 Inhibitors; Ventricular Function, Left; Ventricular Remodeling; Mice; Glucagon-Like Peptide-1 Receptor Agonists","Mice, Inbred C57BL; Mice"
https://openalex.org/W2783210337,https://doi.org/10.1111/bph.13686,27922176,"Sitagliptin reduces inflammation, fibrosis and preserves diastolic function in a rat model of heart failure with preserved ejection fraction",2016,"BACKGROUND AND PURPOSE: Heart failure with preserved ejection fraction (HFpEF) is a systemic syndrome driven by co-morbidities, and its pathophysiology is poorly understood. Several studies suggesting that dipeptidyl peptidase 4 (DPP4) might be involved in the pathophysiology of heart failure have prompted experimental and clinical investigations of DPP4 inhibitors in the cardiovascular system. Here we have investigated whether the DPP4 inhibitor sitagliptin affected the progression of HFpEF independently of its effects on glycaemia. EXPERIMENTAL APPROACH: Seven-week-old Dahl salt-sensitive rats were fed a high-salt diet for 5 weeks to induce hypertension. Then the rats continued with the high-salt diet and were treated with either sitagliptin (10 mg·kg-1 ) or vehicle for the following 8 weeks. Blood pressure and cardiac function were measured in vivo. Histochemical and molecular biology analyses of myocardium were used to assay cytokines, fibrotic markers, DPP4 and glucagon-like peptide-1 (GLP-1)/GLP-1 receptor. KEY RESULTS: Treatment with sitagliptin attenuated diastolic dysfunction, reduced mortality and reduced cardiac DPP4 activity, along with increased circulating GLP-1 and myocardial expression of GLP-1 receptors. Myocardial levels of pro-inflammatory cytokines (TNF-α, IL-6 and CCL2) were reduced. Sitagliptin treatment decreased the levels of endothelial NOS monomer, responsible for generation of ROS, while the amount of NO-producing dimeric form increased. Markers of oxidative and nitrosative stress were decreased. Moreover, increased collagen deposition and activation of pro-fibrotic signalling, inducing elevated myocardial stiffness, were attenuated by sitagliptin treatment. CONCLUSIONS AND IMPLICATIONS: Sitagliptin positively modulated active relaxation and passive diastolic compliance by decreasing inflammation-related endothelial dysfunction and fibrosis, associated with HFpEF. LINKED ARTICLES: This article is part of a themed section on Targeting Inflammation to Reduce Cardiovascular Disease Risk. To view the other articles in this section visit http://onlinelibrary.wiley.com/doi/10.1111/bph.v174.22/issuetoc and http://onlinelibrary.wiley.com/doi/10.1111/bcp.v82.4/issuetoc.",2226,pubmed,280,Sitagliptin:0.9608; Heart failure:0.7613; Heart failure with preserved ejection fraction:0.7426; Internal medicine:0.7103; Medicine:0.6596; Endocrinology:0.6376; Ejection fraction:0.5288; Diastole:0.497; Fibrosis:0.4623; Inflammation:0.4454; Cardiac function curve:0.4385; Pathophysiology:0.4272; Cardiac fibrosis:0.4202; Dipeptidyl peptidase-4:0.4149; Blood pressure:0.3462; Diabetes mellitus:0.1579; Type 2 diabetes:0.115,Diabetes Treatment and Management:0.6505; Heart Failure Treatment and Management:0.24; Peptidase Inhibition and Analysis:0.0415,"Animals; Anti-Inflammatory Agents; Blood Pressure; Diastole; Dipeptidyl Peptidase 4; Dipeptidyl-Peptidase IV Inhibitors; Fibrosis; Glucagon-Like Peptide 1; Glucagon-Like Peptide-1 Receptor; Heart; Heart Failure; Male; Myocardium; Nitric Oxide; Rats, Inbred Dahl; Sitagliptin Phosphate; Stroke Volume","Rats, Inbred Dahl"
https://openalex.org/W3012616651,https://doi.org/10.1161/circulationaha.119.041886,32202936,Research Priorities for Heart Failure With Preserved Ejection Fraction,2020,"Heart failure with preserved ejection fraction (HFpEF), a major public health problem that is rising in prevalence, is associated with high morbidity and mortality and is considered to be the greatest unmet need in cardiovascular medicine today because of a general lack of effective treatments. To address this challenging syndrome, the National Heart, Lung, and Blood Institute convened a working group made up of experts in HFpEF and novel research methodologies to discuss research gaps and to prioritize research directions over the next decade. Here, we summarize the discussion of the working group, followed by key recommendations for future research priorities. There was uniform recognition that HFpEF is a highly integrated, multiorgan, systemic disorder requiring a multipronged investigative approach in both humans and animal models to improve understanding of mechanisms and treatment of HFpEF. It was recognized that advances in the understanding of basic mechanisms and the roles of inflammation, macrovascular and microvascular dysfunction, fibrosis, and tissue remodeling are needed and ideally would be obtained from (1) improved animal models, including large animal models, which incorporate the effects of aging and associated comorbid conditions; (2) repositories of deeply phenotyped physiological data and human tissue, made accessible to researchers to enhance collaboration and research advances; and (3) novel research methods that take advantage of computational advances and multiscale modeling for the analysis of complex, high-density data across multiple domains. The working group emphasized the need for interactions among basic, translational, clinical, and epidemiological scientists and across organ systems and cell types, leveraging different areas or research focus, and between research centers. A network of collaborative centers to accelerate basic, translational, and clinical research of pathobiological mechanisms and treatment strategies in HFpEF was discussed as an example of a strategy to advance research progress. This resource would facilitate comprehensive, deep phenotyping of a multicenter HFpEF patient cohort with standardized protocols and a robust biorepository. The research priorities outlined in this document are meant to stimulate scientific advances in HFpEF by providing a road map for future collaborative investigations among a diverse group of scientists across multiple domains.",2451,pubmed,345,Medicine:0.7777; Translational research:0.6672; Heart failure:0.5982; Heart failure with preserved ejection fraction:0.5354; Ejection fraction:0.4782; Basic research:0.4187; Intensive care medicine:0.3986; Cardiology:0.2801; Pathology:0.2533; Computer science:0.135; Library science:0,Cardiovascular Function and Risk Factors:0.9999; Heart Failure Treatment and Management:0.9998; Cardiac Structural Anomalies and Repair:0.9983,"Heart Failure; Humans; National Heart, Lung, and Blood Institute (U.S.); Research; Stroke Volume; United States",Humans
https://openalex.org/W3101357080,https://doi.org/10.1161/circresaha.120.317933,33176578,Targeting Mitochondria-Inflammation Circuit by β-Hydroxybutyrate Mitigates HFpEF,2020,"RATIONALE: Over 50% of patients with heart failure have preserved ejection fraction (HFpEF), rather than reduced ejection fraction. Complexity of its pathophysiology and the lack of animal models hamper the development of effective therapy for HFpEF. OBJECTIVE: This study was designed to investigate the metabolic mechanisms of HFpEF and test therapeutic interventions using a novel animal model. METHODS AND RESULTS: By combining the age, long-term high-fat diet, and desoxycorticosterone pivalate challenge in a mouse model, we were able to recapture the myriad features of HFpEF. In these mice, mitochondrial hyperacetylation exacerbated while increasing ketone body availability rescued the phenotypes. The HFpEF mice exhibited overproduction of IL (interleukin)-1β/IL-18 and tissue fibrosis due to increased assembly of NLPR3 inflammasome on hyperacetylated mitochondria. Increasing β-hydroxybutyrate level attenuated NLPR3 inflammasome formation and antagonized proinflammatory cytokine-triggered mitochondrial dysfunction and fibrosis. Moreover, β-hydroxybutyrate downregulated the acetyl-CoA pool and mitochondrial acetylation, partially via activation of CS (citrate synthase) and inhibition of fatty acid uptake. CONCLUSIONS: Therefore, we identify the interplay of mitochondrial hyperacetylation and inflammation as a key driver in HFpEF pathogenesis, which can be ameliorated by promoting β-hydroxybutyrate abundance.",1430,pubmed,183,Inflammation:0.7517; Mitochondrion:0.5752; Medicine:0.4504; Cardiology:0.3628; Neuroscience:0.3431; Internal medicine:0.3216; Biology:0.313; Cell biology:0.2477,"Diet and metabolism studies:1.0; Cancer, Hypoxia, and Metabolism:0.9924; Adipose Tissue and Metabolism:0.9891","3-Hydroxybutyric Acid; 3T3 Cells; Acetyl Coenzyme A; Acetylation; Aged; Animals; Anti-Inflammatory Agents; Cytokines; Disease Models, Animal; Energy Metabolism; Fatty Acids; Female; Fibrosis; Heart Failure; Humans; Inflammation; Inflammation Mediators; Male; Mice; Mice, Inbred C57BL; Mice, Knockout; Middle Aged; Mitochondria, Heart; Myocytes, Cardiac; NLR Family, Pyrin Domain-Containing 3 Protein; RAW 264.7 Cells; Rats; Sirtuin 3; Stroke Volume; Ventricular Function, Left","Humans; Mice; Mice, Inbred C57BL; Mice, Knockout; Rats"
https://openalex.org/W2904064446,https://doi.org/10.1085/jgp.201812259,30567709,Metformin improves diastolic function in an HFpEF-like mouse model by increasing titin compliance,2018,"Heart failure with preserved ejection fraction (HFpEF) is a complex syndrome characterized by a preserved ejection fraction but increased diastolic stiffness and abnormalities of filling. Although the prevalence of HFpEF is high and continues to rise, no effective therapies exist; however, the diabetic drug metformin has been associated with improved diastolic function in diabetic patients. Here we determine the therapeutic potential of metformin for improving diastolic function in a mouse model with HFpEF-like symptoms. We combine transverse aortic constriction (TAC) surgery with deoxycorticosterone acetate (DOCA) supplementation to obtain a mouse model with increased diastolic stiffness and exercise intolerance. Echocardiography and pressure-volume analysis reveal that providing metformin to TAC/DOCA mice improves diastolic function in the left ventricular (LV) chamber. Muscle mechanics show that metformin lowers passive stiffness of the LV wall muscle. Concomitant with this improvement in diastolic function, metformin-treated TAC/DOCA mice also demonstrate preserved exercise capacity. No metformin effects are seen in sham operated mice. Extraction experiments on skinned ventricular muscle strips show that the metformin-induced reduction of passive stiffness in TAC/DOCA mice is due to an increase in titin compliance. Using phospho-site-specific antibodies, we assay the phosphorylation of titin's PEVK and N2B spring elements. Metformin-treated mice have unaltered PEVK phosphorylation but increased phosphorylation of PKA sites in the N2B element, a change which has previously been shown to lower titin's stiffness. Consistent with this result, experiments with a mouse model deficient in the N2B element reveal that the beneficial effect of metformin on LV chamber and muscle stiffness requires the presence of the N2B element. We conclude that metformin offers therapeutic benefit during HFpEF by lowering titin-based passive stiffness.",1964,pubmed,270,Metformin:0.7811; Titin:0.7608; Heart failure with preserved ejection fraction:0.7218; Medicine:0.6871; Diastole:0.6772; Internal medicine:0.649; Cardiology:0.6141; Compliance (psychology):0.5795; Ejection fraction:0.569; Muscle stiffness:0.4844; Heart failure:0.4628; Endocrinology:0.4319; Myocyte:0.3044; Blood pressure:0.2184; Stiffness:0.2042; Insulin:0.1054; Materials science:0.0801; Psychology:0; Sarcomere:0; Social psychology:0; Composite material:0,Cardiovascular Function and Risk Factors:0.9999; Cardiomyopathy and Myosin Studies:0.9942; Heart Failure Treatment and Management:0.9931,"Animals; Desoxycorticosterone Acetate; Diastole; Disease Models, Animal; Heart Failure; Heart Ventricles; Male; Metformin; Mice; Mice, Inbred C57BL; Myocardium; Phosphorylation; Protein Kinases; Stroke Volume","Mice; Mice, Inbred C57BL"
https://openalex.org/W3194858310,https://doi.org/10.1093/eurheartj/ehab389,34414416,Heart failure with preserved ejection fraction in humans and mice: embracing clinical complexity in mouse models,2021,"Heart failure (HF) with preserved ejection fraction (HFpEF) is a multifactorial disease accounting for a large and increasing proportion of all clinical HF presentations. As a clinical syndrome, HFpEF is characterized by typical signs and symptoms of HF, a distinct cardiac phenotype and raised natriuretic peptides. Non-cardiac comorbidities frequently co-exist and contribute to the pathophysiology of HFpEF. To date, no therapy has proven to improve outcomes in HFpEF, with drug development hampered, at least partly, by lack of consensus on appropriate standards for pre-clinical HFpEF models. Recently, two clinical algorithms (HFA-PEFF and H2FPEF scores) have been developed to improve and standardize the diagnosis of HFpEF. In this review, we evaluate the translational utility of HFpEF mouse models in the context of these HFpEF scores. We systematically recorded evidence of symptoms and signs of HF or clinical HFpEF features and included several cardiac and extra-cardiac parameters as well as age and sex for each HFpEF mouse model. We found that most of the pre-clinical HFpEF models do not meet the HFpEF clinical criteria, although some multifactorial models resemble human HFpEF to a reasonable extent. We therefore conclude that to optimize the translational value of mouse models to human HFpEF, a novel approach for the development of pre-clinical HFpEF models is needed, taking into account the complex HFpEF pathophysiology in humans.",1456,pubmed,219,Medicine:0.944; Ejection fraction:0.7755; Heart failure:0.7398; Cardiology:0.5522; Internal medicine:0.5035; Fraction (chemistry):0.4473; Heart failure with preserved ejection fraction:0.4404; Chromatography:0.0696; Chemistry:0,Heart Failure Treatment and Management:0.9988; Cardiovascular Function and Risk Factors:0.9957; Cardiac electrophysiology and arrhythmias:0.9928,Algorithms; Animals; Consensus; Heart Failure; Humans; Mice; Natriuretic Peptides; Stroke Volume,Humans; Mice
https://openalex.org/W2972498190,https://doi.org/10.1111/apha.13378,31520455,Disturbed cardiac mitochondrial and cytosolic calcium handling in a metabolic risk‐related rat model of heart failure with preserved ejection fraction,2019,"AIM: Calcium ions play a pivotal role in matching energy supply and demand in cardiac muscle. Mitochondrial calcium concentration is lower in animal models of heart failure with reduced ejection fraction (HFrEF), but limited information is available about mitochondrial calcium handling in heart failure with preserved ejection fraction (HFpEF). METHODS: We assessed mitochondrial Ca2+ handling in intact cardiomyocytes from Zucker/fatty Spontaneously hypertensive F1 hybrid (ZSF1)-lean (control) and ZSF1-obese rats, a metabolic risk-related model of HFpEF. A mitochondrially targeted Ca2+ indicator (MitoCam) was expressed in cultured adult rat cardiomyocytes. Cytosolic and mitochondrial Ca2+ transients were measured at different stimulation frequencies. Mitochondrial respiration and swelling, and expression of key proteins were determined ex vivo. RESULTS: At rest, mitochondrial Ca2+ concentration in ZSF1-obese was larger than in ZSF1-lean. The diastolic and systolic mitochondrial Ca2+ concentrations increased with stimulation frequency, but the steady-state levels were larger in ZSF1-obese. The half-widths of the contractile responses, the resting cytosolic Ca2+ concentration and the decay half-times of the cytosolic Ca2+ transients were higher in ZSF1-obese, likely because of a lower SERCA2a/phospholamban ratio. Mitochondrial respiration was lower, particularly with nicotinamide adenine dinucleotide (NADH) (complex I) substrates, and mitochondrial swelling was larger in ZSF1-obese. CONCLUSION: The free mitochondrial calcium concentration is higher in HFpEF owing to alterations in mitochondrial and cytosolic Ca2+ handling. This coupling between cytosolic and mitochondrial Ca2+ levels may compensate for myocardial ATP supply in vivo under conditions of mild mitochondrial dysfunction. However, if mitochondrial Ca2+ concentration is sustainedly increased, it might trigger mitochondrial permeability transition pore opening.",1949,pubmed,252,Heart failure with preserved ejection fraction:0.68; Mitochondrion:0.6476; Internal medicine:0.6224; Calcium:0.5277; Endocrinology:0.525; Cytosol:0.5192; Heart failure:0.4974; Ejection fraction:0.4461; Mitochondrial ROS:0.4305; Mitochondrial matrix:0.4164; Biology:0.362; Chemistry:0.3414; Medicine:0.2422; Biochemistry:0.2308; Enzyme:0,Mitochondrial Function and Pathology:0.9997; Cardiovascular Function and Risk Factors:0.9993; Fuel Cells and Related Materials:0.999,"Animals; Calcium; Cells, Cultured; Cytosol; Disease Models, Animal; Heart Failure; Male; Metabolic Syndrome; Mitochondria, Heart; Obesity; Rats; Rats, Zucker; Stroke Volume","Rats; Rats, Zucker"
https://openalex.org/W3119803061,https://doi.org/10.1038/s41569-020-00480-6,33432192,Cellular and molecular pathobiology of heart failure with preserved ejection fraction,2021,"Heart failure with preserved ejection fraction (HFpEF) affects half of all patients with heart failure worldwide, is increasing in prevalence, confers substantial morbidity and mortality, and has very few effective treatments. HFpEF is arguably the greatest unmet medical need in cardiovascular disease. Although HFpEF was initially considered to be a haemodynamic disorder characterized by hypertension, cardiac hypertrophy and diastolic dysfunction, the pandemics of obesity and diabetes mellitus have modified the HFpEF syndrome, which is now recognized to be a multisystem disorder involving the heart, lungs, kidneys, skeletal muscle, adipose tissue, vascular system, and immune and inflammatory signalling. This multiorgan involvement makes HFpEF difficult to model in experimental animals because the condition is not simply cardiac hypertrophy and hypertension with abnormal myocardial relaxation. However, new animal models involving both haemodynamic and metabolic disease, and increasing efforts to examine human pathophysiology, are revealing new signalling pathways and potential therapeutic targets. In this Review, we discuss the cellular and molecular pathobiology of HFpEF, with the major focus being on mechanisms relevant to the heart, because most research has focused on this organ. We also highlight the involvement of other important organ systems, including the lungs, kidneys and skeletal muscle, efforts to characterize patients with the use of systemic biomarkers, and ongoing therapeutic efforts. Our objective is to provide a roadmap of the signalling pathways and mechanisms of HFpEF that are being characterized and which might lead to more patient-specific therapies and improved clinical outcomes.",1730,pubmed,241,Medicine:0.9062; Heart failure with preserved ejection fraction:0.8339; Heart failure:0.816; Cardiology:0.5988; Ejection fraction:0.5531; Internal medicine:0.5415; Diabetes mellitus:0.5167; Disease:0.5163; Muscle hypertrophy:0.4627; Intensive care medicine:0.3913; Bioinformatics:0.3453; Endocrinology:0.1361; Biology:0,Cardiovascular Function and Risk Factors:0.9999; Heart Failure Treatment and Management:0.9992; Diabetes Treatment and Management:0.9947,Heart Failure; Humans; Stroke Volume,Humans
https://openalex.org/W2889341865,https://doi.org/10.1016/j.ijcard.2018.08.087,30193792,Endothelial function is disturbed in a hypertensive diabetic animal model of HFpEF: Moderate continuous vs. high intensity interval training,2018,"BACKGROUND: Heart failure with preserved ejection fraction (HFpEF) is associated with endothelial dysfunction, but the molecular mechanisms still remain unclear. Whether exercise training (ET) along with which optimal modality can improve endothelial function is controversial. The present study used a hypertensive, diabetic-driven HFpEF animal model (ZSF1 rats) to determine whether different training modalities (moderate-continuous (MCT) and high-intensity interval training (HIIT)) could reverse endothelial dysfunction and to understand the underlying molecular mechanisms. METHODS AND RESULTS: The development of HFpEF in ZSF1 obese animals was confirmed by echocardiography and hemodynamic measurements. Thereafter, animals were randomized into following groups: 1) sedentary, 2) 8 weeks of MCT, 3) 8 weeks of HIIT. ZSF1 lean animals served as control. In vitro measurement of endothelial function in aortic rings revealed significantly impaired endothelial-dependent and -independent vasodilation in HFpEF, which was reversed by MCT and HIIT. At the molecular level, the development of endothelial dysfunction was associated with a reduced expression / activation of endothelial nitric oxide synthase (eNOS), an increase in NADPH and activation of c-Jun N-terminal protein kinase (JNK), a reduced collagen I/III ratio and a reduced lining of the vessel wall by endothelial cells. ET primarily decreased NADPH oxidase expression, and JNK activation, elevated collagen I/III ratio while further improving aortic endothelial cell coverage. CONCLUSIONS: The present study provides evidence that endothelial dysfunction occurs in experimental HFpEF and that ET, independent of the studied training modality, reverses endothelial dysfunction and specific molecular alterations. ET may therefore provide an important therapeutic intervention for HFpEF patients.",1863,pubmed,250,Medicine:0.8917; Endothelial dysfunction:0.8095; Internal medicine:0.711; Heart failure with preserved ejection fraction:0.6986; Enos:0.6726; Cardiology:0.6675; Vasodilation:0.523; High-intensity interval training:0.518; NADPH oxidase:0.486; Interval training:0.4777; Endothelium:0.4488; Endocrinology:0.4089; Heart failure:0.3916; Ejection fraction:0.3458; Nitric oxide:0.345; Nitric oxide synthase:0.2039; Oxidative stress:0.1913,Nitric Oxide and Endothelin Effects:0.4125; Cardiovascular and exercise physiology:0.256; Angiogenesis and VEGF in Cancer:0.0713,"Animals; Diabetes Mellitus, Experimental; Endothelium, Vascular; Heart Failure; High-Intensity Interval Training; Hypertension; Male; Obesity; Physical Conditioning, Animal; Rats; Stroke Volume; Vasoconstrictor Agents; Vasodilation",Rats
https://openalex.org/W2778333818,https://doi.org/10.1016/j.yjmcc.2017.12.012,29289652,Cellular mechanisms of metabolic syndrome-related atrial decompensation in a rat model of HFpEF,2017,"UNLABELLED: Heart failure (HF) with preserved ejection fraction (HFpEF) is present in about 50% of HF patients. Atrial remodeling is common in HFpEF and associated with increased mortality. We postulate that atrial remodeling is associated with atrial dysfunction in vivo related to alterations in cardiomyocyte Calcium (Ca) signaling and remodeling. We examined atrial function in vivo and Ca transients (CaT) (Fluo4-AM, field stim) in atrial cardiomyocytes of ZSF-1 rats without (Ln; lean hypertensive) and with metabolic syndrome (Ob; obese, hypertensive, diabetic) and HFpEF. RESULTS: At 21weeks Ln showed an increased left ventricular (LV) mass and left ventricular end-diastolic pressure (LVEDP), but unchanged left atrial (LA) size and preserved atrial ejection fraction vs. wild-type (WT). CaT amplitude in atrial cardiomyocytes was increased in Ln (2.9±0.2 vs. 2.3±0.2F/F0 in WT; n=22 cells/group; p<0.05). Studying subcellular Ca release in more detail, we found that local central cytosolic CaT amplitude was increased, while subsarcolemmal CaT amplitudes remained unchanged. Moreover, Sarcoplasmic reticulum (SR) Ca content (caffeine) was preserved while Ca spark frequency and tetracaine-dependent SR Ca leak were significantly increased in Ln. Ob mice developed a HFpEF phenotype in vivo, LA area was significantly increased and atrial in vivo function was impaired, despite increased atrial CaT amplitudes in vitro (2.8±0.2; p<0.05 vs. WT). Ob cells showed alterations of the tubular network possibly contributing to the observed phenotype. CaT kinetics as well as SR Ca in Ob were not significantly different from WT, but SR Ca leak remained increased. Angiotensin II (Ang II) reduced in vitro cytosolic CaT amplitudes and let to active nuclear Ca release in Ob but not in Ln or WT. SUMMARY: In hypertensive ZSF-1 rats, a possibly compensatory increase of cytosolic CaT amplitude and increased SR Ca leak precede atrial remodeling and HFpEF. Atrial remodeling in ZSF-1 HFpEF is associated with an altered tubular network in-vitro and atrial contractile dysfunction in vivo, indicating insufficient compensation. Atrial cardiomyocyte dysfunction in vitro is induced by the addition of angiotensin II.",2215,pubmed,326,Internal medicine:0.8376; Heart failure with preserved ejection fraction:0.6255; Cardiology:0.5948; Preload:0.5897; Heart failure:0.5298; Endocrinology:0.525; Decompensation:0.5103; In vivo:0.5015; Medicine:0.4856; Diastole:0.4507; Chemistry:0.3314; Ejection fraction:0.3184; Blood pressure:0.2252; Hemodynamics:0.1601; Biology:0.1053; Biotechnology:0,Atrial Fibrillation Management and Outcomes:0.6335; Cardiovascular Function and Risk Factors:0.2047; Cardiac electrophysiology and arrhythmias:0.0791,"Angiotensin II; Animals; Atrial Remodeling; Calcium; Calcium Signaling; Cell Nucleus; Cytosol; Disease Models, Animal; Excitation Contraction Coupling; Heart Atria; Heart Failure; Heart Ventricles; Hypertension; Metabolic Syndrome; Myocytes, Cardiac; Rats; Sarcoplasmic Reticulum; Stroke Volume",Rats
https://openalex.org/W2883773944,https://doi.org/10.1152/ajpheart.00238.2018,30004258,Characterization of a mouse model of obesity-related fibrotic cardiomyopathy that recapitulates features of human heart failure with preserved ejection fraction,2018,"Heart failure with preserved ejection fraction (HFpEF) is caused, or exacerbated by, a wide range of extracardiac conditions. Diabetes, obesity, and metabolic dysfunction are associated with a unique HFpEF phenotype, characterized by inflammation, cardiac fibrosis, and microvascular dysfunction. Development of new therapies for HFpEF is hampered by the absence of reliable animal models. The leptin-resistant db/ db mouse has been extensively studied as a model of diabetes-associated cardiomyopathy; however, data on the functional and morphological alterations in db/ db hearts are conflicting. In the present study, we report a systematic characterization of the cardiac phenotype in db/ db mice, focusing on the time course of functional and histopathological alterations and on the identification of sex-specific cellular events. Although both male and female db/ db mice developed severe obesity, increased adiposity, and hyperglycemia, female mice had more impressive weight gain and exhibited a modest but significant increase in blood pressure. db/ db mice had hypertrophic ventricular remodeling and diastolic dysfunction with preserved ejection fraction; the increase in left ventricular mass was accentuated in female mice. Histological analysis showed that both male and female db/ db mice had cardiomyocyte hypertrophy and interstitial fibrosis, associated with marked thickening of the perimysial collagen, and expansion of the periarteriolar collagen network, in the absence of replacement fibrosis. In vivo and in vitro experiments showed that fibrotic changes in db/ db hearts were associated with increased collagen synthesis by cardiac fibroblasts, in the absence of periostin, α-smooth muscle actin, or fibroblast activation protein overexpression. Male db/ db mice exhibited microvascular rarefaction. In conclusion, the db/ db mouse model recapitulates functional and histological features of human HFpEF associated with metabolic dysfunction. Development of fibrosis in db/ db hearts, in the absence of myofibroblast conversion, suggests that metabolic dysfunction may activate an alternative profibrotic pathway associated with accentuated extracellular matrix protein synthesis. NEW & NOTEWORTHY We provide a systematic analysis of the sex-specific functional and structural myocardial alterations in db/ db mice. Obese diabetic C57BL6J db/ db mice exhibit diastolic dysfunction with preserved ejection fraction, associated with cardiomyocyte hypertrophy, interstitial/perivascular fibrosis, and microvascular rarefaction, thus recapitulating aspects of human obesity-related heart failure with preserved ejection fraction. Myocardial fibrosis in db/ db mice is associated with a matrix-producing fibroblast phenotype, in the absence of myofibroblast conversion, suggesting an alternative mechanism of activation.",2841,pubmed,383,Ejection fraction:0.807; Heart failure:0.6918; Cardiology:0.6436; Cardiomyopathy:0.6148; Internal medicine:0.5542; Characterization (materials science):0.5309; Medicine:0.4996; Fraction (chemistry):0.498; Heart failure with preserved ejection fraction:0.4439; Chemistry:0.1602; Materials science:0.146; Organic chemistry:0; Nanotechnology:0,Cardiomyopathy and Myosin Studies:0.9995; Cardiovascular Function and Risk Factors:0.9994; Cardiovascular Effects of Exercise:0.9984,"Adiposity; Animals; Cardiomyopathies; Cells, Cultured; Disease Models, Animal; Echocardiography, Doppler; Extracellular Matrix; Extracellular Matrix Proteins; Female; Fibroblasts; Fibrosis; Heart Failure; Heart Ventricles; Humans; Hypertension; Hypertrophy, Left Ventricular; Male; Mice, Inbred C57BL; Mice, Obese; Myocardium; Obesity; Sex Factors; Stroke Volume; Time Factors; Ventricular Dysfunction, Left; Ventricular Function, Left; Ventricular Remodeling","Humans; Mice, Inbred C57BL; Mice, Obese"
https://openalex.org/W2900083840,https://doi.org/10.1113/ep087351,30398289,Low‐level transcutaneous vagus nerve stimulation attenuates cardiac remodelling in a rat model of heart failure with preserved ejection fraction,2018,"NEW FINDINGS: What is the central question of this study? What is the effect of chronic intermittent low-level transcutaneous vagus nerve stimulation on cardiac inflammation, fibrosis and diastolic dysfunction in a rat model of heart failure with preserved ejection fraction? What is the main finding and its importance? In salt-sensitive rats fed with high salt diet, low-level transcutaneous vagus nerve stimulation significantly attenuated blood pressure elevation, ameliorated diastolic function, and attenuated left ventricular inflammation and fibrosis compared to the sham group. Further studies to examine the efficacy of this novel treatment in humans are warranted. ABSTRACT: Inflammation and fibrosis play a central role in the development of heart failure with preserved ejection fraction (HFpEF). We previously showed that low-level, transcutaneous stimulation of the vagus nerve at the tragus (LLTS) is anti-inflammatory. We investigated the effect of chronic intermittent LLTS on cardiac inflammation, fibrosis and diastolic dysfunction in a rat model of HFpEF. Dahl salt-sensitive (DS) rats were randomized in three groups: low salt (LS, 0.3% NaCl; n = 12; control group without stimulation) and high salt (HS, 4% NaCl) with either active (n = 18) or sham (n = 18) LLTS at 7 weeks of age. After 6 weeks of diet (baseline), sham or active LLTS (20 Hz, 2 mA, 0.2 ms) was implemented for 30 min daily for 4 weeks. Echocardiography was performed at baseline and 4 weeks after treatment (endpoint). At endpoint, left ventricle (LV) histology and gene expression were examined. After 6 weeks of diets, HS rats developed hypertension and LV hypertrophy compared to LS rats. At endpoint, LLTS significantly attenuated blood pressure elevation, prevented the deterioration of diastolic function and improved LV circumferential strain, compared to the HS sham group. LV inflammatory cell infiltration and fibrosis were attenuated in the HS active compared to the HS sham group. Pro-inflammatory and pro-fibrotic genes (tumour necrosis factor, osteopontin, interleukin (IL)-11, IL-18 and IL-23A) were differentially altered in the two groups. Chronic intermittent LLTS ameliorates diastolic dysfunction, and attenuates cardiac inflammation and fibrosis in a rat model of HFpEF, suggesting that LLTS may be used clinically as a novel non-invasive neuromodulation therapy in HFpEF.",2384,pubmed,355,Medicine:0.8386; Ejection fraction:0.7857; Heart failure:0.7527; Vagus nerve stimulation:0.6924; Ventricle:0.6635; Internal medicine:0.6608; Diastole:0.6061; Cardiology:0.5967; Fibrosis:0.5814; Cardiac fibrosis:0.5648; Stimulation:0.5451; Inflammation:0.4524; Cardiac function curve:0.4165; Vagus nerve:0.3786; Anesthesia:0.355; Endocrinology:0.3312; Blood pressure:0.3114,Vagus Nerve Stimulation Research:0.9837; Cardiac Fibrosis and Remodeling:0.0031; Heart Rate Variability and Autonomic Control:0.0025,"Animals; Heart Failure; Heart Ventricles; Hypertension; Male; Rats, Inbred Dahl; Rats, Sprague-Dawley; Sodium Chloride, Dietary; Stroke Volume; Vagus Nerve; Vagus Nerve Stimulation; Ventricular Function, Left","Rats, Inbred Dahl; Rats, Sprague-Dawley"
https://openalex.org/W4283389872,https://doi.org/10.1016/j.jacbts.2021.12.009,36061340,Clinical Phenotypes of Heart Failure With Preserved Ejection Fraction to Select Preclinical Animal Models,2022,"At least one-half of the growing heart failure population consists of heart failure with preserved ejection fraction (HFpEF). The limited therapeutic options, the complexity of the syndrome, and many related comorbidities emphasize the need for adequate experimental animal models to study the etiology of HFpEF, as well as its comorbidities and pathophysiological changes. The strengths and weaknesses of available animal models have been reviewed extensively with the general consensus that a ""1-size-fits-all"" model does not exist, because no uniform HFpEF patient exists. In fact, HFpEF patients have been categorized into HFpEF phenogroups based on comorbidities and symptoms. In this review, we therefore study which animal model is best suited to study the different phenogroups-to improve model selection and refinement of animal research. Based on the published data, we extrapolated human HFpEF phenogroups into 3 animal phenogroups (containing small and large animals) based on reports and definitions of the authors: animal models with high (cardiac) age (phenogroup aging); animal models focusing on hypertension and kidney dysfunction (phenogroup hypertension/kidney failure); and models with hypertension, obesity, and type 2 diabetes mellitus (phenogroup cardiometabolic syndrome). We subsequently evaluated characteristics of HFpEF, such as left ventricular diastolic dysfunction parameters, systemic inflammation, cardiac fibrosis, and sex-specificity in the different models. Finally, we scored these parameters concluded how to best apply these models. Based on our findings, we propose an easy-to-use classification for future animal research based on clinical phenogroups of interest.",1706,pubmed,235,Heart failure with preserved ejection fraction:0.863; Medicine:0.8058; Heart failure:0.7288; Population:0.5453; Ejection fraction:0.5284; Cardiology:0.4996; Diabetes mellitus:0.498; Diastole:0.4817; Internal medicine:0.4724; Intensive care medicine:0.3682; Blood pressure:0.1679; Endocrinology:0.0707; Environmental health:0,Cardiovascular Function and Risk Factors:0.9997; Heart Failure Treatment and Management:0.9989; Cardiac electrophysiology and arrhythmias:0.9827,,
https://openalex.org/W2890884752,https://doi.org/10.1152/ajpheart.00024.2018,30239232,Targeted HFpEF therapy based on matchmaking of human and animal models,2018,"The diversity in clinical phenotypes and poor understanding of the underlying pathophysiology of heart failure with preserved ejection fraction (HFpEF) is the main reason why no effective treatments have been found yet. Targeted, instead of one size fits all, treatment seems the only promising approach for treating HFpEF. To be able to design a targeted, phenotype-specific HFpEF treatment, the matrix relating clinical phenotypes and underlying pathophysiological mechanisms has to be clarified. This review discusses the opportunities for additional evaluation of the underlying pathophysiological processes, e.g., to evaluate biological phenotypes on top of clinical routine, to guide us toward a phenotype-specific HFpEF treatment. Moreover, a translational approach with matchmaking of animal models to biological HFpEF phenotypes will be a valuable step to test the effectiveness of novel, targeted interventions in HFpEF. Listen to this article's corresponding podcast at https://ajpheart.podbean.com/e/personalized-medicine-in-hfpef/ .",1045,pubmed,139,Computational biology:0.4001; Computer science:0.3925; Medicine:0.3783; Biology:0.1758,Cardiovascular Function and Risk Factors:0.9996; Cardiac Imaging and Diagnostics:0.9927; Hyperglycemia and glycemic control in critically ill and hospitalized patients:0.9909,"Animals; Disease Models, Animal; Heart Failure; Humans; Stroke Volume; Translational Research, Biomedical",Humans
https://openalex.org/W4306153819,https://doi.org/10.1186/s12916-022-02546-3,36229816,Non-invasive assessment of HFpEF in mouse models: current gaps and future directions,2022,"BACKGROUND: Heart failure (HF) with preserved ejection fraction (HFpEF) prevalence is increasing, and large clinical trials have failed to reduce mortality. A major reason for this outcome is the failure to translate results from basic research to the clinics. Evaluation of HFpEF in mouse models requires assessing three major key features defining this complex syndrome: the presence of a preserved left ventricular ejection fraction (LVEF), diastolic dysfunction, and the development of HF. In addition, HFpEF is associated with multiple comorbidities such as systemic arterial hypertension, chronic obstructive pulmonary disease, sleep apnea, diabetes, and obesity; thus, non-cardiac disorders assessment is crucial for a complete phenotype characterization. Non-invasive procedures present unquestionable advantages to maintain animal welfare and enable longitudinal analyses. However, unequivocally determining the presence of HFpEF using these methods remains challenging. MAIN TEXT: Transthoracic echocardiography (TTE) represents an invaluable tool in HFpEF diagnosis, allowing evaluation of LVEF, diastolic dysfunction, and lung congestion in mice. Since conventional parameters used to evaluate an abnormal diastole like E/A ratio, isovolumic relaxation time, and E/e' may pose limitations in mice, including advanced TTE techniques to characterize cardiac motion, including an assessment under stress, will improve diagnosis. Patients with HFpEF also show electrical cardiac remodelling and therefore electrocardiography may add valuable information in mouse models to assess chronotropic incompetence and sinoatrial node dysfunction, which are major contributors to exercise intolerance. To complete the non-invasive diagnosis of HF, low aerobic exercise capacity and fatigue using exercise tests, impaired oxygen exchange using metabolic cages, and determination of blood biomarkers can be determined. Finally, since HFpEF patients commonly present non-cardiac pathological conditions, acquisition of systemic and pulmonary arterial pressures, blood glucose levels, and performing glucose tolerance and insulin resistance tests are required for a complete phenotyping. CONCLUSION: Identification of reliable models of HFpEF in mice by using proper diagnosis tools is necessary to translate basic research results to the clinics. Determining the presence of several HFpEF indicators and a higher number of abnormal parameters will lead to more reliable evidence of HFpEF.",2484,pubmed,333,Medicine:0.9306; Current (fluid):0.5012; Electrical engineering:0; Engineering:0,Cardiovascular Function and Risk Factors:0.9344; Cardiac Fibrosis and Remodeling:0.0149; Congenital heart defects research:0.0105,"Animals; Biomarkers; Blood Glucose; Heart Failure; Mice; Oxygen; Stroke Volume; Ventricular Function, Left",Mice
https://openalex.org/W3115222588,https://doi.org/10.1113/jp280899,33347612,"Abnormal skeletal muscle blood flow, contractile mechanics and fibre morphology in a rat model of obese‐HFpEF",2020,"KEY POINTS: Heart failure is characterised by limb and respiratory muscle impairments that limit functional capacity and quality of life. However, compared with heart failure with reduced ejection fraction (HFrEF), skeletal muscle alterations induced by heart failure with preserved ejection fraction (HFpEF) remain poorly explored. Here we report that obese-HFpEF induces multiple skeletal muscle alterations in the rat hindlimb, including impaired muscle mechanics related to shortening velocity, fibre atrophy, capillary loss, and an impaired blood flow response to contractions that implies a perfusive oxygen delivery limitation. We also demonstrate that obese-HFpEF is characterised by diaphragmatic alterations similar to those caused by denervation - atrophy in Type IIb/IIx (fast/glycolytic) fibres and hypertrophy in Type I (slow/oxidative) fibres. These findings extend current knowledge in HFpEF skeletal muscle physiology, potentially underlying exercise intolerance, which may facilitate future therapeutic approaches. ABSTRACT: Peripheral skeletal muscle and vascular alterations induced by heart failure with preserved ejection fraction (HFpEF) remain poorly identified, with limited therapeutic targets. This study used a cardiometabolic obese-HFpEF rat model to comprehensively phenotype skeletal muscle mechanics, blood flow, microvasculature and fibre atrophy. Lean (n = 8) and obese-HFpEF (n = 8) ZSF1 rats were compared. Skeletal muscles (soleus and diaphragm) were assessed for in vitro contractility (isometric and isotonic properties) alongside indices of fibre-type cross-sectional area, myosin isoform, and capillarity, and estimated muscle PO2 . In situ extensor digitorum longus (EDL) contractility and femoral blood flow were assessed. HFpEF soleus demonstrated lower absolute maximal force by 22%, fibre atrophy by 24%, a fibre-type shift from I to IIa, and a 17% lower capillary-to-fibre ratio despite increased capillary density (all P < 0.05) with preserved muscle PO2 (P = 0.115) and isometric specific force (P > 0.05). Soleus isotonic properties (shortening velocity and power) were impaired by up to 17 and 22%, respectively (P < 0.05), while the magnitude of the exercise hyperaemia was attenuated by 73% (P = 0.012) in line with higher muscle fatigue by 26% (P = 0.079). Diaphragm alterations (P < 0.05) included Type IIx fibre atrophy despite Type I/IIa fibre hypertrophy, with increased indices of capillarity alongside preserved contractile properties during isometric, isotonic, and cyclical contractions. In conclusion, obese-HFpEF rats demonstrated blunted skeletal muscle blood flow during contractions in parallel to microvascular structural remodelling, fibre atrophy, and isotonic contractile dysfunction in the locomotor muscles. In contrast, diaphragm phenotype remained well preserved. This study identifies numerous muscle-specific impairments that could exacerbate exercise intolerance in obese-HFpEF.",2956,pubmed,405,Blood flow:0.5457; Skeletal muscle:0.5066; Morphology (biology):0.4977; Internal medicine:0.4667; Cardiology:0.4587; Medicine:0.3757; Anatomy:0.3344; Mechanics:0.3251; Biology:0.247; Physics:0.1407; Genetics:0,Cardiovascular Function and Risk Factors:0.9999; Cardiovascular and exercise physiology:0.9963; Adipose Tissue and Metabolism:0.9958,"Animals; Heart Failure; Muscle Contraction; Muscle, Skeletal; Obesity; Quality of Life; Rats; Stroke Volume",Rats
https://openalex.org/W3020716964,https://doi.org/10.1016/j.ajpath.2020.04.006,32343958,Mouse Models of Heart Failure with Preserved or Reduced Ejection Fraction,2020,"Heart failure (HF) is a chronic, complex condition with increasing incidence worldwide, necessitating the development of novel therapeutic strategies. This has led to the current clinical strategies, which only treat symptoms of HF without addressing the underlying causes. Multiple animal models have been developed in an attempt to recreate the chronic HF phenotype that arises following a variety of myocardial injuries. Although significant strides have been made in HF research, an understanding of more specific mechanisms will require distinguishing models that resemble HF with preserved ejection fraction (HFpEF) from those with reduced ejection fraction (HFrEF). Therefore, current mouse models of HF need to be re-assessed to determine which of them most closely recapitulate the specific etiology of HF being studied. This will allow for the development of therapies targeted specifically at HFpEF or HFrEF. This review will summarize the commonly used mouse models of HF and discuss which aspect of human HF each model replicates, focusing on whether HFpEF or HFrEF is induced, to allow better investigation into pathophysiological mechanisms and treatment strategies.",1181,pubmed,173,Heart failure:0.702; Ejection fraction:0.6501; Cardiology:0.4896; Medicine:0.4889; Fraction (chemistry):0.4453; Internal medicine:0.4228; Pathology:0.3588; Biology:0.3336; Chemistry:0.1956; Organic chemistry:0,Cardiovascular Function and Risk Factors:0.9997; Heart Failure Treatment and Management:0.999; Cardiac Ischemia and Reperfusion:0.998,"Animals; Disease Models, Animal; Heart Failure; Mice; Stroke Volume; Ventricular Dysfunction, Left",Mice
https://openalex.org/W2326230731,https://doi.org/10.1161/circheartfailure.115.002760,27056881,Distinct Endothelial Cell Responses in the Heart and Kidney Microvasculature Characterize the Progression of Heart Failure With Preserved Ejection Fraction in the Obese ZSF1 Rat With Cardiorenal Metabolic Syndrome,2016,"BACKGROUND: The combination of cardiac and renal disease driven by metabolic risk factors, referred to as cardiorenal metabolic syndrome (CRMS), is increasingly recognized as a critical pathological entity. The contribution of (micro)vascular injury to CRMS is considered to be substantial. However, mechanistic studies are hampered by lack of in vivo models that mimic the natural onset of the disease. Here, we evaluated the coronary and renal microvasculature during CRMS development in obese diabetic Zucker fatty/Spontaneously hypertensive heart failure F1 hybrid (ZSF1) rats. METHODS AND RESULTS: Echocardiographic, urine, and blood evaluations were conducted in 3 groups (Wistar-Kyoto, lean ZSF1, and obese ZSF1) at 20 and 25 weeks of age. Immunohistological evaluation of renal and cardiac tissues was conducted at both time points. At 20 and 25 weeks, obese ZSF1 rats showed higher body weight, significant left ventricular hypertrophy, and impaired diastolic function compared with all other groups. Indices of systolic function did not differ between groups. Obese ZSF1 rats developed hyperproliferative vascular foci in the subendocardium, which lacked microvascular organization and were predilection sites of inflammation and fibrosis. In the kidney, obese ZSF1 animals showed regression of the peritubular and glomerular microvasculature, accompanied by tubulointerstitial damage, glomerulosclerosis, and proteinuria. CONCLUSIONS: The obese ZSF1 rat strain is a suitable in vivo model for CRMS, sharing characteristics with the human syndrome during the earliest onset of disease. In these rats, CRMS induces microvascular fibrotic responses in heart and kidneys, associated with functional impairment of both organs.",1732,pubmed,243,Cardiorenal syndrome:0.9256; Ejection fraction:0.7629; Heart failure:0.76; Internal medicine:0.7027; Cardiology:0.676; Metabolic syndrome:0.6098; Medicine:0.5763; Heart failure with preserved ejection fraction:0.5316; Kidney:0.4732; Obesity:0.2653,Cardiovascular Function and Risk Factors:0.3311; Chronic Kidney Disease and Diabetes:0.2929; Nitric Oxide and Endothelin Effects:0.1345,"Animals; Cardio-Renal Syndrome; Cell Proliferation; Coronary Vessels; Disease Models, Animal; Disease Progression; Endothelial Cells; Fibrosis; Glomerulonephritis; Heart Failure; Hypertrophy, Left Ventricular; Kidney; Male; Metabolic Syndrome; Microvessels; Proteinuria; Rats, Inbred WKY; Rats, Zucker; Stroke Volume; Time Factors; Vascular Remodeling; Ventricular Function, Left; Ventricular Remodeling","Rats, Inbred WKY; Rats, Zucker"
https://openalex.org/W3150884729,https://doi.org/10.3390/ijms22073570,33808232,Sacubitril/Valsartan Improves Diastolic Function But Not Skeletal Muscle Function in a Rat Model of HFpEF,2021,"The angiotensin receptor/neprilysin inhibitor Sacubitril/Valsartan (Sac/Val) has been shown to be beneficial in patients suffering from heart failure with reduced ejection fraction (HFrEF). However, the impact of Sac/Val in patients presenting with heart failure with preserved ejection fraction (HFpEF) is not yet clearly resolved. The present study aimed to reveal the influence of the drug on the functionality of the myocardium, the skeletal muscle, and the vasculature in a rat model of HFpEF. Female obese ZSF-1 rats received Sac/Val as a daily oral gavage for 12 weeks. Left ventricle (LV) function was assessed every four weeks using echocardiography. Prior to organ removal, invasive hemodynamic measurements were performed in both ventricles. Vascular function of the carotid artery and skeletal muscle function were monitored. Sac/Val treatment reduced E/é ratios, left ventricular end diastolic pressure (LVEDP) and myocardial stiffness as well as myocardial fibrosis and heart weight compared to the obese control group. Sac/Val slightly improved endothelial function in the carotid artery but had no impact on skeletal muscle function. Our results demonstrate striking effects of Sac/Val on the myocardial structure and function in a rat model of HFpEF. While vasodilation was slightly improved, functionality of the skeletal muscle remained unaffected.",1367,pubmed,198,Heart failure with preserved ejection fraction:0.8157; Internal medicine:0.7728; Cardiology:0.7658; Medicine:0.7552; Valsartan:0.7211; Heart failure:0.6715; Ejection fraction:0.6595; Preload:0.6097; Sacubitril:0.5393; Skeletal muscle:0.5105; Ventricle:0.4902; Neprilysin:0.4226; Blood pressure:0.3805; Hemodynamics:0.3758; Biochemistry:0; Enzyme:0; Chemistry:0,Cardiovascular Function and Risk Factors:0.9999; Heart Failure Treatment and Management:0.9913; Cardiomyopathy and Myosin Studies:0.9899,"Aminobutyrates; Angiotensin Receptor Antagonists; Animals; Biphenyl Compounds; Connectin; Cyclic GMP; Diastole; Disease Models, Animal; Drug Combinations; Electrocardiography; Female; Fibrosis; Glycated Hemoglobin; Heart Failure; Muscle, Skeletal; Muscular Atrophy; Natriuretic Peptide, Brain; Peptide Fragments; Phosphorylation; Rats, Mutant Strains; Valsartan; Ventricular Function, Left; Rats","Rats, Mutant Strains; Rats"
https://openalex.org/W2581315704,https://doi.org/10.1165/rcmb.2016-0177oc,28118022,"Development of a Mouse Model of Metabolic Syndrome, Pulmonary Hypertension, and Heart Failure with Preserved Ejection Fraction",2017,"Pulmonary hypertension (PH) associated with heart failure with preserved ejection fraction (PH-HFpEF; World Health Organization Group II) secondary to left ventricular (LV) diastolic dysfunction is the most frequent cause of PH. It is an increasingly recognized clinical complication of the metabolic syndrome. To date, no effective treatment has been identified, and no genetically modifiable mouse model is available for advancing our understanding for PH-HFpEF. To develop a mouse model of PH-HFpEF, we exposed 36 mouse strains to 20 weeks of high-fat diet (HFD), followed by systematic evaluation of right ventricular (RV) and LV pressure-volume analysis. The HFD induces obesity, glucose intolerance, insulin resistance, hyperlipidemia, as well as PH, in susceptible strains. We observed that certain mouse strains, such as AKR/J, NON/shiLtJ, and WSB/EiJ, developed hemodynamic signs of PH-HFpEF. Of the strains that develop PH-HFpEF, we selected AKR/J for further model validation, as it is known to be prone to HFD-induced metabolic syndrome and had low variability in hemodynamics. HFD-treated AKR/J mice demonstrate reproducibly higher RV systolic pressure compared with mice fed with regular diet, along with increased LV end-diastolic pressure, both RV and LV hypertrophy, glucose intolerance, and elevated HbA1c levels. Time course assessments showed that HFD significantly increased body weight, RV systolic pressure, LV end-diastolic pressure, biventricular hypertrophy, and HbA1c throughout the treatment period. Moreover, we also identified and validated 129S1/SvlmJ as a resistant mouse strain to HFD-induced PH-HFpEF. These studies validate an HFD/AKR/J mouse model of PH-HFpEF, which may offer a new avenue for testing potential mechanisms and treatments for this disease.",1791,pubmed,254,Heart failure:0.7349; Ejection fraction:0.7189; Pulmonary hypertension:0.6828; Cardiology:0.6821; Internal medicine:0.6177; Heart failure with preserved ejection fraction:0.6109; Medicine:0.5407; Metabolic syndrome:0.4513; Obesity:0.1763,Cardiovascular Function and Risk Factors:0.9997; Pulmonary Hypertension Research and Treatments:0.9996; Heart Failure Treatment and Management:0.9967,"Animals; Blood Pressure; Diastole; Diet, High-Fat; Disease Models, Animal; Disease Progression; Heart Failure; Hypertension, Pulmonary; Metabolic Syndrome; Mice; Mice, Inbred AKR; Reproducibility of Results; Stroke Volume; Systole","Mice; Mice, Inbred AKR"
https://openalex.org/W2955438380,https://doi.org/10.1161/circheartfailure.118.005596,31525070,Arterial Remodeling and Dysfunction in the ZSF1 Rat Model of Heart Failure With Preserved Ejection Fraction,2019,"BACKGROUND: The interplay between the stiffened heart and vessels has long been viewed as a core mechanism in heart failure with preserved ejection fraction, but the incremental vascular molecular remodeling mechanisms from systemic arterial hypertension to heart failure with preserved ejection fraction remain poorly investigated. Our aim was to characterize central arterial remodeling and dysfunction in ZSF1 obese rats and to compare it with hypertensive ZSF1 lean and healthy Wistar-Kyoto controls. METHODS AND RESULTS: Twenty-week-old male ZSF1 obese (n=9), lean (n=9), and Wistar-Kyoto rats (n=9) underwent left ventricular pressure-volume loop evaluation and synchronous acquisition of ascending aortic flow and pressure. Aortic rings underwent functional evaluation, histology, and molecular biology studies. Although mean arterial pressure, characteristic aortic impedance, and reactivity to phenylephrine were similarly increased in hypertensive ZSF1 lean and obese, only ZSF1 obese showed impaired relaxation and upward-shifted end-diastolic pressure-volume relationships despite preserved systolic function indexes, denoting heart failure with preserved ejection fraction. ZSF1 obese phenotype further showed decreased aortic compliance, increased wave reflection, and impaired direct NO donor and endothelial-mediated vasodilation which were accompanied on structural and molecular grounds by aortic media thickening, higher collagen content and collagen/elastin ratio, increased fibronectin and α-5 integrin protein expression and upregulated TGF (transforming growth factor)-β and CTGF (connective tissue growth factor) levels. CONCLUSIONS: Functional, molecular, and structural disturbances of central vessels and their potentially underlying pathways were newly characterized in experimental heart failure with preserved ejection fraction rendering the ZSF1 obese rat model suitable for preclinical testing.",1926,pubmed,245,Medicine:0.8801; Heart failure:0.7798; Ejection fraction:0.7574; Cardiology:0.6979; Internal medicine:0.629; Ventricular remodeling:0.5738; Stroke volume:0.4258,Cardiac Fibrosis and Remodeling:0.6188; Cardiovascular Function and Risk Factors:0.1706; Cardiovascular Health and Disease Prevention:0.0868,"Animals; Aorta; Heart Failure; Heart Ventricles; Hypertension; Male; Obesity; Rats, Inbred WKY; Stroke Volume; Vascular Remodeling; Ventricular Function, Left","Rats, Inbred WKY"
https://openalex.org/W2781007923,https://doi.org/10.1016/j.jacbts.2017.07.013,29333506,Murine Models of Heart Failure With Preserved Ejection Fraction,2017,"Heart failure with preserved ejection fraction (HFpEF) is characterized by signs and symptoms of HF in the presence of a normal left ventricular (LV) ejection fraction (EF). Despite accounting for up to 50% of all clinical presentations of HF, the mechanisms implicated in HFpEF are poorly understood, thus precluding effective therapy. The pathophysiological heterogeneity in the HFpEF phenotype also contributes to this disease and likely to the absence of evidence-based therapies. Limited access to human samples and imperfect animal models that completely recapitulate the human HFpEF phenotype have impeded our understanding of the mechanistic underpinnings that exist in this disease. Aging and comorbidities such as atrial fibrillation, hypertension, diabetes and obesity, pulmonary hypertension and renal dysfunction are highly associated with HFpEF. Yet, the relationship and contribution between them remains ill-defined. This review discusses some of the distinctive clinical features of HFpEF in association with these comorbidities and highlights the advantages and disadvantage of commonly used murine models, used to study the HFpEF phenotype.",1159,pubmed,163,Heart failure with preserved ejection fraction:0.9357; Medicine:0.8264; Heart failure:0.8262; Cardiology:0.7037; Internal medicine:0.6592; Ejection fraction:0.6257; Atrial fibrillation:0.6169; Pulmonary hypertension:0.5516; Disease:0.5361; Diabetes mellitus:0.4459; Endocrinology:0.1002,Cardiovascular Function and Risk Factors:0.9997; Heart Failure Treatment and Management:0.9995; Diabetes Treatment and Management:0.9945,,
https://openalex.org/W4294300847,https://doi.org/10.1152/ajpheart.00374.2022,36053749,Sex-specific responses to slow progressive pressure overload in a large animal model of HFpEF,2022,"Approximately 50% of all heart failure (HF) diagnoses can be classified as HF with preserved ejection fraction (HFpEF). HFpEF is more prevalent in females compared with males, but the underlying mechanisms are unknown. We previously showed that pressure overload (PO) in male felines induces a cardiopulmonary phenotype with essential features of human HFpEF. The goal of this study was to determine if slow progressive PO induces distinct cardiopulmonary phenotypes in females and males in the absence of other pathological stressors. Female and male felines underwent aortic constriction (banding) or sham surgery after baseline echocardiography, pulmonary function testing, and blood sampling. These assessments were repeated at 2 and 4 mo postsurgery to document the effects of slow progressive pressure overload. At 4 mo, invasive hemodynamic studies were also performed. Left ventricle (LV) tissue was collected for histology, myofibril mechanics, extracellular matrix (ECM) mass spectrometry, and single-nucleus RNA sequencing (snRNAseq). The induced pressure overload (PO) was not different between sexes. PO also induced comparable changes in LV wall thickness and myocyte cross-sectional area in both sexes. Both sexes had preserved ejection fraction, but males had a slightly more robust phenotype in hemodynamic and pulmonary parameters. There was no difference in LV fibrosis and ECM composition between banded male and female animals. LV snRNAseq revealed changes in gene programs of individual cell types unique to males and females after PO. Based on these results, both sexes develop cardiopulmonary dysfunction but the phenotype is somewhat less advanced in females.NEW & NOTEWORTHY We performed a comprehensive assessment to evaluate the effects of slow progressive pressure overload on cardiopulmonary function in a large animal model of heart failure with preserved ejection fraction (HFpEF) in males and females. Functional and structural assessments were performed at the organ, tissue, cellular, protein, and transcriptional levels. This is the first study to compare snRNAseq and ECM mass spectrometry of HFpEF myocardium from males and females. The results broaden our understanding of the pathophysiological response of both sexes to pressure overload. Both sexes developed a robust cardiopulmonary phenotype, but the phenotype was equal or a bit less robust in females.",2397,pubmed,349,Pressure overload:0.8797; Heart failure with preserved ejection fraction:0.8002; Cardiology:0.6237; Internal medicine:0.6146; Medicine:0.5779; Phenotype:0.5219; Heart failure:0.5202; Pathophysiology:0.459; Ejection fraction:0.335; Biology:0.2182; Cardiac hypertrophy:0.1097; Genetics:0.0815; Gene:0,Cardiovascular Function and Risk Factors:0.998; Fuel Cells and Related Materials:0.9938; Cardiomyopathy and Myosin Studies:0.9887,"Animals; Cats; Disease Models, Animal; Female; Heart Failure; Heart Ventricles; Humans; Male; Stroke Volume; Ventricular Function, Left",Cats; Humans
https://openalex.org/W4392763283,https://doi.org/10.3390/cells13060502,38534346,Leucine Supplementation Prevents the Development of Skeletal Muscle Dysfunction in a Rat Model of HFpEF,2024,"Heart failure with preserved ejection fraction (HFpEF) is associated with exercise intolerance due to alterations in the skeletal muscle (SKM). Leucine supplementation is known to alter the anabolic/catabolic balance and to improve mitochondrial function. Thus, we investigated the effect of leucine supplementation in both a primary and a secondary prevention approach on SKM function and factors modulating muscle function in an established HFpEF rat model. Female ZSF1 obese rats were randomized to an untreated, a primary prevention, and a secondary prevention group. For primary prevention, leucine supplementation was started before the onset of HFpEF (8 weeks of age) and for secondary prevention, leucine supplementation was started after the onset of HFpEF (20 weeks of age). SKM function was assessed at an age of 32 weeks, and SKM tissue was collected for the assessment of mitochondrial function and histological and molecular analyses. Leucine supplementation prevented the development of SKM dysfunction whereas it could not reverse it. In the primary prevention group, mitochondrial function improved and higher expressions of mitofilin, Mfn-2, Fis1, and miCK were evident in SKM. The expression of UCP3 was reduced whereas the mitochondrial content and markers for catabolism (MuRF1, MAFBx), muscle cross-sectional area, and SKM mass did not change. Our data show that leucine supplementation prevented the development of skeletal muscle dysfunction in a rat model of HFpEF, which may be mediated by improving mitochondrial function through modulating energy transfer.",1584,pubmed,232,Exercise intolerance:0.7303; Skeletal muscle:0.7146; Sarcopenia:0.6926; Heart failure with preserved ejection fraction:0.6701; Leucine:0.6572; Internal medicine:0.6187; Medicine:0.6151; Endocrinology:0.5817; Mitochondrion:0.5323; Cardiology:0.444; Ejection fraction:0.4201; Myostatin:0.4105; Heart failure:0.33; Biology:0.2502; Biochemistry:0.185; Amino acid:0.1483,Muscle metabolism and nutrition:0.9996; Adipose Tissue and Metabolism:0.997; Cardiovascular and exercise physiology:0.9944,"Animals; Female; Rats; Dietary Supplements; Heart Failure; Leucine; Muscle, Skeletal; Stroke Volume",Rats
https://openalex.org/W2105921136,https://doi.org/10.1152/ajpheart.00282.2015,26188021,A mouse model of heart failure with preserved ejection fraction due to chronic infusion of a low subpressor dose of angiotensin II,2015,"Heart failure (HF) with preserved ejection fraction (HFpEF) is a clinical syndrome of HF symptoms associated with impaired diastolic function. Although it represents ∼50% of patients with HF, the mechanisms of disease are poorly understood, and therapies are generally ineffective in reducing HF progression. Animal models of HFpEF not due to pressure or volume overload are lacking, therefore limiting in-depth understanding of the pathophysiological mechanisms and the development of novel therapies. We hypothesize that a continuous infusion of low-dose angiotensin II (ATII) is sufficient to induce left ventricular (LV) diastolic dysfunction and HFpEF, without increasing blood pressure or inducing LV hypertrophy or dilatation. Osmotic pumps were implanted subcutaneously in 8-wk-old male mice assigned to the ATII (0.2 mg·kg(-1)·day(-1)) or volume-matched vehicle (N = 8/group) for 4 wk. We measured systolic and diastolic arterial blood pressures through a tail-cuff transducer, LV dimensions and ejection fraction through echocardiography, and LV relaxation through pulsed-wave Doppler and LV catheterization. Myocardial fibrosis and cardiomyocyte cross-sectional area were measured. ATII infusion had no effects on systemic arterial blood pressure. ATII induced significant impairment in LV diastolic function, as measured by an increase (worsening) in LV isovolumetric relaxation time, myocardial performance index, isovolumetric relaxation time constant, and LV end-diastolic pressure without altering LV dimensions, mass, or ejection fraction. Chronic infusion of low-dose ATII recapitulates the HFpEF phenotype in the mouse, without increasing systemic arterial blood pressure. This mouse model may provide insight into the mechanisms of HFpEF.",1758,pubmed,240,Isovolumetric contraction:0.9053; Internal medicine:0.7691; Cardiology:0.7637; Medicine:0.7532; Heart failure with preserved ejection fraction:0.6611; Heart failure:0.6564; Ejection fraction:0.6279; Diastole:0.6069; Blood pressure:0.5875; Pulse pressure:0.4368,Cardiovascular Function and Risk Factors:0.9999; Heart Failure Treatment and Management:0.9991; Cardiac electrophysiology and arrhythmias:0.9977,"Angiotensin II; Animals; Blood Pressure; Disease Models, Animal; Heart Failure; Infusions, Subcutaneous; Male; Mice; Stroke Volume",Mice
https://openalex.org/W1893377637,https://doi.org/10.1152/japplphysiol.01123.2014,26229002,High-intensity interval training attenuates endothelial dysfunction in a Dahl salt-sensitive rat model of heart failure with preserved ejection fraction,2015,"Heart failure patients with preserved left ventricular ejection fraction (HFpEF) have endothelial dysfunction, but the underlying molecular mechanisms remain unknown. In addition, whether exercise training improves endothelial function in HFpEF is still controversial. The present study therefore aimed to determine the functional and molecular alterations in the endothelium associated with HFpEF, while further assessing the effects of high-intensity interval training (HIT). Female Dahl salt-sensitive rats were randomized for 28 wk into the following groups: 1) control: fed 0.3% NaCl; 2) HFpEF: fed 8% NaCl; and 3) HFpEF + HIT: animals fed 8% NaCl and HIT treadmill exercise. Echocardiography and invasive hemodynamic measurements were used to assess diastolic dysfunction. Endothelial function of the aorta was measured in vitro. Expression of endothelial nitric oxide synthase (eNOS), nicotinamide adenine dinucleotide phosphate-oxidase [NAD(P)H oxidase], and advanced glycation end product (AGE)-modified proteins were quantified by Western blot, and zymography quantified matrix metalloproteinase (MMP) activity. In this model of HFpEF, endothelium-dependent and -independent vasodilation was impaired. However, this was prevented by HIT. In HFpEF protein expression of eNOS was reduced by 47%, but MMP-2 and MMP-9 activity was elevated by 186 and 68%. The expression of AGE-modified proteins was increased by 106%. All of these changes were prevented by HIT. Endothelial function was impaired in this model of HFpEF, which was associated with reduced expression of eNOS, increased MMP activity, and increased AGE-modified proteins. HIT was able to attenuate both these functional and molecular alterations. These findings therefore suggest HFpEF induces endothelial dysfunction, but this is reversible by HIT.",1819,pubmed,253,Enos:0.8194; Heart failure with preserved ejection fraction:0.7849; Internal medicine:0.7447; Endothelial dysfunction:0.6535; Medicine:0.577; Endocrinology:0.5577; Cardiology:0.5575; Heart failure:0.4915; Endothelium:0.4636; Ejection fraction:0.459; Nitric oxide:0.3428; Nitric oxide synthase:0.2491,Cardiovascular Function and Risk Factors:0.9999; Nitric Oxide and Endothelin Effects:0.9996; Cardiovascular and exercise physiology:0.9994,"Animals; Endothelium; Exercise Test; Exercise Tolerance; Female; Heart Failure; Nitric Oxide Synthase Type III; Physical Conditioning, Animal; Rats; Rats, Inbred Dahl; Sodium Chloride; Vascular Diseases; Vasodilation","Rats; Rats, Inbred Dahl"
https://openalex.org/W2766228817,https://doi.org/10.1161/jaha.117.006416,29066440,Exercise Training Reveals Inflexibility of the Diaphragm in an Animal Model of Patients With Obesity‐Driven Heart Failure With a Preserved Ejection Fraction,2017,"BACKGROUND: Respiratory muscle weakness contributes to exercise intolerance in patients with heart failure with a preserved ejection fraction (HFpEF)-a condition characterized by multiple comorbidities with few proven treatments. We aimed, therefore, to provide novel insight into the underlying diaphragmatic alterations that occur in HFpEF by using an obese cardiometabolic rat model and further assessed whether exercise training performed only after the development of overt HFpEF could reverse impairments. METHODS AND RESULTS: Obese ZSF1 rats (n=12) were compared with their lean controls (n=8) at 20 weeks, with 3 additional groups of obese ZSF1 rats compared at 28 weeks following 8 weeks of either sedentary behavior (n=13), high-intensity interval training (n=11), or moderate-continuous training (n=11). Obese rats developed an obvious HFpEF phenotype at 20 and 28 weeks. In the diaphragm at 20 weeks, HFpEF induced a shift towards an oxidative phenotype and a fiber hypertrophy paralleled by a lower protein expression in MuRF1 and MuRF2, yet mitochondrial and contractile functional impairments were observed. At 28 weeks, neither the exercise training regimen of high-intensity interval training or moderate-continuous training reversed any of the diaphragm alterations induced by HFpEF. CONCLUSIONS: This study, using a well-characterized rat model of HFpEF underpinned by multiple comorbidities and exercise intolerance (ie, one that closely resembles the patient phenotype), provides evidence that diaphragm alterations and dysfunction induced in overt HFpEF are not reversed following 8 weeks of aerobic exercise training. As such, whether alternative therapeutic interventions are required to treat respiratory muscle weakness in HFpEF warrants further investigation.",1786,pubmed,249,Medicine:0.9007; Heart failure:0.7645; Ejection fraction:0.7341; Exercise intolerance:0.6647; Internal medicine:0.6467; Cardiology:0.643; Muscle hypertrophy:0.5641; Endocrinology:0.4995; Heart failure with preserved ejection fraction:0.4962; Interval training:0.4502; Diaphragm (acoustics):0.4467; Physics:0; Loudspeaker:0; Acoustics:0,Cardiovascular and exercise physiology:0.4791; Cardiovascular Function and Risk Factors:0.3654; Cardiomyopathy and Myosin Studies:0.0374,"Animals; Diaphragm; Disease Models, Animal; Exercise Tolerance; Heart Failure; High-Intensity Interval Training; Mitochondria, Muscle; Muscle Fibers, Skeletal; Muscle Proteins; Muscle Weakness; Obesity; Oxidation-Reduction; Phenotype; Rats, Zucker; Stroke Volume; Time Factors; Tripartite Motif Proteins; Ubiquitin-Protein Ligases; Ventricular Function, Left","Rats, Zucker"
https://openalex.org/W2091289701,https://doi.org/10.1016/j.ijcard.2015.04.110,25897922,Inflammation in HFpEF: Key or circumstantial?,2015,"Heart failure (HF) can be split into HF with reduced ejection fraction (HFrEF) and HF with preserved ejection fraction (HFpEF). Currently the pathophysiologic mechanisms involved in HFpEF remain largely unknown. The neurohumoral and sympathetic nervous systems seem not to play a crucial role in HFpEF, as treatments targeting these pathways do not show beneficial effects in HFpEF patients, in contrast to HFrEF patients. A better understanding of the pathophysiological processes involved in HFpEF is needed, as there is no proven treatment for this disease at the moment. Recent data have yielded growing attention to the role of inflammation in HFpEF. In this review we discuss increased inflammation in HFpEF as demonstrated in translational animal models and human studies. This review evaluates whether inflammation plays a key role in HFpEF or is just a by-product of various comorbidities. Additionally, we analyze the involvement of oxidative stress and endothelial dysfunction and lastly we outline potential therapeutic targets.",1040,pubmed,155,Medicine:0.8957; Heart failure with preserved ejection fraction:0.8578; Heart failure:0.6835; Inflammation:0.6755; Cardiology:0.61; Pathophysiology:0.5813; Internal medicine:0.5093; Disease:0.4873; Circumstantial evidence:0.4289; Oxidative stress:0.4167; Ejection fraction:0.3782; Political science:0; Law:0,Cardiovascular Function and Risk Factors:0.9999; Heart Failure Treatment and Management:0.9997; Cardiac Ischemia and Reperfusion:0.9985,"Animals; Biomarkers; Cardiac Output, Low; Endothelium, Vascular; Female; Heart Failure; Humans; Inflammation; Male; Oxidative Stress; Prognosis; Stroke Volume; Ventricular Remodeling",Humans
https://openalex.org/W2942284621,https://doi.org/10.1038/s41569-019-0203-4,31019312,New mouse model reveals nitrosative stress as a novel driver of HFpEF,2019,,0,,0,Medicine:0.8639; Cardiology:0.4918; Internal medicine:0.4228,Cardiovascular Function and Risk Factors:0.999; Gastroesophageal reflux and treatments:0.9968; Congenital Diaphragmatic Hernia Studies:0.9859,"Animals; Disease Models, Animal; Heart Failure; Humans; Mice; Nitrosative Stress; Oxidative Stress; Stroke Volume",Humans; Mice
https://openalex.org/W4389952852,https://doi.org/10.1161/circ.148.suppl_1.18258,,Abstract 18258: Leucine Supplementation Improves Myocardial Function in a HFpEF Rat Model,2023,"Introduction: We previously documented that leucine supplementation protects from skeletal muscle atrophy by increasing skeletal muscle mass and force during hind limb immobilization. One of the proposed underlying mechanisms was the suppression of HDAC4 protein expression and increased nuclei accretion. Hypothesis: The present study aimed to examine whether the protective effects of leucine supplementation are also observed in the myocardium in an animal model of heart failure with preserved ejection fraction (HFpEF) and to assess the role of HDAC4 modulation. Methods: Female ZSF1 lean (control, con) and obese (HFpEF) rats were randomized at an age of 20 weeks to one of three groups: lean rats receiving standard chow (con), obese rats receiving standard chow (HFpEF), and obese rats receiving leucine-supplemented chow (3% w/w) for 12 weeks (HFpEF/leu). All animals underwent echocardiography at baseline and after 6 and 12 weeks. Prior to organ harvest left ventricular (LV) hemodynamics were measured invasively, blood samples were taken, cardiac mitochondrial function was assessed and LV tissue was collected for molecular and histological analyses. Results: Assessment of diastolic function revealed a 20% reduction of E/é in the HFpEF/leu group compared to untreated HFpEF. While no alterations of left ventricular hemodynamics were observed between the groups, stiffness factor β was significantly reduced in leucine-treated rats. Left ventricular mRNA levels of Collagen type I a1 and matrix metalloproteinase 2 were reduced by 25% and 22%, respectively. Assessment of mitochondrial oxidative phosphorylation revealed a significant improvement of complex-I- and complex-II mediated respiration in leucine-treated rats compared to HFpEF. Finally, HDAC4 protein expression levels were reduced by 40% in the HFpEF/leu group compared to HFpEF. Conclusions: This study presents beneficial effects of leucine supplementation on cardiac function, remodeling, and metabolic parameters in an HFpEF rat model. These benefits may be attributed to suppressed HDAC4 expression.",2083,openalex,296,Medicine:0.8498; Heart failure with preserved ejection fraction:0.7498; Internal medicine:0.6789; Cardiology:0.568; Endocrinology:0.5656; Leucine:0.5121; Heart failure:0.5081; Ejection fraction:0.5059; Sarcopenia:0.4811; Hemodynamics:0.4613; Diastole:0.4355; Atrophy:0.4297; Ventricular remodeling:0.4208; Blood pressure:0.2069; Amino acid:0.0886; Biology:0.0878; Biochemistry:0.082,GDF15 and Related Biomarkers:0.9407; Muscle metabolism and nutrition:0.9388; Mitochondrial Function and Pathology:0.9353,,
https://openalex.org/W2852891808,https://doi.org/10.1016/j.redox.2018.07.007,30031269,Melatonin improves cardiac function in a mouse model of heart failure with preserved ejection fraction,2018,"Melatonin has been shown to inhibit myocardial infarction-induced apoptosis, its function in heart failure with preserved ejection fraction (HFpEF) has not been investigated. This study aimed to investigate whether melatonin attenuates obesity-related HFpEF. Male mice were fed a high-fat diet (HFD) from weaning to 6 months of age to induce HFpEF. The mice were orally administered melatonin (50 mg/kg) by 3 weeks. Diastolic function was significantly improved by melatonin supplementation in mice fed an HFD. Melatonin attenuated obesity-induced myocardial oxidative stress and apoptosis and promoted the secretion of C1q/tumour necrosis factor-related protein 3 (CTRP3) by adipose tissue. And depletion of circulating CTRP3 largely abolished melatonin-mediated cardio-protection. Melatonin-mediated secretion of adipocyte-derived CTRP3 activated NF-E2-related factor 2 (Nrf2), which were largely abrogated by knocking down CTRP3 in adipocytes or Nrf2 in cardiomyocytes. Nrf2 activation was mediated by miR-200a, and a miR-200a antagomir offset the effects of melatonin-conditioned medium on Nrf2 expression. Our results indicate that melatonin can be used to treat and prevent obesity-related HFpEF.",1202,pubmed,163,Melatonin:0.915; Internal medicine:0.7956; Endocrinology:0.7682; Heart failure:0.6246; Ejection fraction:0.5504; Oxidative stress:0.5343; Adipocyte:0.5215; Cardiac function curve:0.505; Medicine:0.4823; Adipose tissue:0.4692; Myocardial infarction:0.4436; Apoptosis:0.4215; Biology:0.3067; Biochemistry:0,"Adipose Tissue and Metabolism:0.9941; Circadian rhythm and melatonin:0.9853; Genetics, Aging, and Longevity in Model Organisms:0.9788","Adipokines; Animals; Antioxidants; Apoptosis; Diet, High-Fat; Disease Models, Animal; Heart Failure; Male; Melatonin; Mice; Mice, Inbred C57BL; Myocardium; NF-E2-Related Factor 2; Obesity; Oxidative Stress; Stroke Volume","Mice; Mice, Inbred C57BL"
https://openalex.org/W3128010281,https://doi.org/10.1186/s12968-020-00699-9,33568177,"Electrocardiogram-less, free-breathing myocardial extracellular volume fraction mapping in small animals at high heart rates using motion-resolved cardiovascular magnetic resonance multitasking: a feasibility study in a heart failure with preserved ejection fraction rat model",2021,"BACKGROUND: Extracellular volume fraction (ECV) quantification with cardiovascular magnetic resonance (CMR) T1 mapping is a powerful tool for the characterization of focal or diffuse myocardial fibrosis. However, it is technically challenging to acquire high-quality T1 and ECV maps in small animals for preclinical research because of high heart rates and high respiration rates. In this work, we developed an electrocardiogram (ECG)-less, free-breathing ECV mapping method using motion-resolved CMR Multitasking on a 9.4 T small animal CMR system. The feasibility of characterizing diffuse myocardial fibrosis was tested in a rat heart failure model with preserved ejection fraction (HFpEF). METHODS: High-salt fed rats diagnosed with HFpEF (n = 9) and control rats (n = 9) were imaged with the proposed ECV Multitasking technique. A 25-min exam, including two 4-min T1 Multitasking scans before and after gadolinium injection, were performed on each rat. It allows a cardiac temporal resolution of 20 ms for a heart rate of ~ 300 bpm. Myocardial ECV was calculated from the hematocrit (HCT) and fitted T1 values of the myocardium and the blood pool. Masson's trichrome stain was used to measure the extent of fibrosis. Welch's t-test was performed between control and HFpEF groups. RESULTS: ECV was significantly higher in the HFpEF group (22.4% ± 2.5% vs. 18.0% ± 2.1%, P = 0.0010). A moderate correlation between the ECV and the extent of fibrosis was found (R = 0.59, P = 0.0098). CONCLUSIONS: Motion-resolved ECV Multitasking CMR can quantify ECV in the rat myocardium at high heart rates without ECG triggering or respiratory gating. Elevated ECV found in the HFpEF group is consistent with previous human studies and well correlated with histological data. This technique has the potential to be a viable imaging tool for myocardial tissue characterization in small animal models.",1889,pubmed,294,Medicine:0.8191; Cardiology:0.676; Heart failure:0.6557; Ejection fraction:0.6138; Internal medicine:0.5918; Magnetic resonance imaging:0.5268; Angiology:0.4703; Myocardial fibrosis:0.4582; Heart rate:0.451; Preload:0.4453; Hemodynamics:0.349; Radiology:0.1658; Blood pressure:0.1594,Cardiac Imaging and Diagnostics:0.5251; Advanced MRI Techniques and Applications:0.1641; Cardiac Fibrosis and Remodeling:0.1097,"Animals; Cardiac-Gated Imaging Techniques; Disease Models, Animal; Feasibility Studies; Fibrosis; Heart Failure; Heart Rate; Hypertension; Magnetic Resonance Imaging; Male; Myocardium; Predictive Value of Tests; Rats, Inbred Dahl; Respiration; Sodium Chloride, Dietary; Stroke Volume; Ventricular Function, Left; Rats","Rats, Inbred Dahl; Rats"
https://openalex.org/W4288535448,https://doi.org/10.1161/jaha.122.026071,35904190,"Genomic, Proteomic, and Metabolic Comparisons of Small Animal Models of Heart Failure With Preserved Ejection Fraction: A Tale of Mice, Rats, and Cats",2022,"Heart failure with preserved ejection fraction (HFpEF) remains a medical anomaly that baffles researchers and physicians alike. The overall phenotypical changes of diastolic function and left ventricular hypertrophy observed in HFpEF are definable; however, the metabolic and molecular alterations that ultimately produce these changes are not well established. Comorbidities such as obesity, hypertension, and diabetes, as well as general aging, play crucial roles in its development and progression. Various animal models have recently been developed to better understand the pathophysiological and metabolic developments in HFpEF and to illuminate novel avenues for pharmacotherapy. These models include multi-hit rodents and feline aortic constriction animals. Recently, genomic, proteomic, and metabolomic approaches have been used to define altered signaling pathways in the heart associated with HFpEF, including those involved in inflammation, cGMP-related, Ca2+ handling, mitochondrial respiration, and the unfolded protein response in endoplasmic reticulum stress. This article aims to present an overview of what has been learnt by these studies, focusing mainly on the findings in common while highlighting unresolved issues. The knowledge gained from these research models will not simply be of benefit for treating HFpEF but will undoubtedly provide new insights into the mechanisms by which the heart deals with external stresses and how the processes involved can fail.",1485,pubmed,207,Heart failure with preserved ejection fraction:0.82; Medicine:0.8064; Heart failure:0.7926; Ejection fraction:0.5545; Exercise intolerance:0.5127; Bioinformatics:0.4679; Cardiology:0.4401; Muscle hypertrophy:0.4265; Diabetes mellitus:0.4167; Internal medicine:0.4166; Endocrinology:0.1892; Biology:0.1258,Cardiovascular Function and Risk Factors:0.9999; Heart Failure Treatment and Management:0.9969; Cardiomyopathy and Myosin Studies:0.9901,"Animals; Cats; Heart Failure; Hypertrophy, Left Ventricular; Mice; Models, Animal; Proteomics; Rats; Stroke Volume",Cats; Mice; Rats
https://openalex.org/W4390954756,https://doi.org/10.1111/apha.14099,38230889,Preload dependence in an animal model of mild heart failure with preserved ejection fraction (<scp>HFpEF</scp>),2024,"AIM: Heart Failure with preserved Ejection Fraction (HFpEF) is characterized by diastolic dysfunction and reduced cardiac output, but its pathophysiology remains poorly understood. Animal models of HFpEF are challenging due to difficulties in assessing the degree of heart failure in small animals. This study aimed at inducing HFpEF in a mouse model to probe preload-dependency. METHODS: Increased body mass and arterial hypertension were induced in mice using a Western diet and NO synthase inhibition. Preload dependence was tested ex vivo. RESULTS: Mice with obesity and hypertension exhibited reduced cardiac output, indicating a failing heart. Increased left ventricular filling pressure during diastole suggested reduced compliance. Notably, the ejection fraction was preserved, suggesting the development of HFpEF. Spontaneous physical activity at night was reduced in HFpEF mice, indicating exercise intolerance; however, the cardiac connective tissue content was comparable between HFpEF and control mice. The HFpEF mice showed increased vulnerability to reduced preload ex vivo, indicating that elevated left ventricular filling pressure compensated for the rigid left ventricle, preventing a critical decrease in cardiac output. CONCLUSION: This animal model successfully developed mild HFpEF with a reduced pump function that was dependent on a high preload. A model of mild HFpEF may serve as a valuable tool for studying disease progression and interventions aimed at delaying or reversing symptom advancement, considering the slow development of HFpEF in patients.",1580,pubmed,224,Preload:0.9687; Heart failure with preserved ejection fraction:0.8886; Cardiology:0.7939; Medicine:0.7633; Internal medicine:0.7532; Heart failure:0.7052; Ventricle:0.6483; Diastole:0.5983; Ejection fraction:0.5012; Stroke volume:0.4333; Cardiac output:0.4167; Blood pressure:0.3826; Hemodynamics:0.2272,Cardiovascular Function and Risk Factors:0.9863; Heart Failure Treatment and Management:0.006; Cardiac Fibrosis and Remodeling:0.0032,"Humans; Mice; Animals; Heart Failure; Stroke Volume; Cardiomyopathies; Disease Models, Animal; Hypertension; Ventricular Function, Left",Humans; Mice
https://openalex.org/W2767058951,https://doi.org/10.1016/j.yjmcc.2017.10.006,29055654,Echocardiographic evaluation of diastolic function in mouse models of heart disease,2017,"BACKGROUND: Mouse models of heart disease are extensively employed. The echocardiographic characterization of contractile function is usually focused on systolic function with fewer studies assessing diastolic function. Furthermore, the applicability of diverse echocardiographic parameters of diastolic function that are commonly used in humans has not been extensively evaluated in different pathophysiological models in mice. METHODS AND RESULTS: We used high resolution echocardiography to evaluate parameters of diastolic function in mouse models of chronic pressure overload (aortic constriction), volume overload (aorto-caval shunt), heart failure with preserved ejection fraction (HFpEF; DOCA-salt hypertension), and acute sarcoplasmic reticulum dysfunction induced by thapsigargin - all known to exhibit diastolic dysfunction. Left atrial area increased in all three chronic models while mitral E/A was difficult to quantify at high heart rates. Isovolumic relaxation time (IVRT) and Doppler E/E' increased significantly and the peak longitudinal strain rate during early filling (peak reverse longitudinal strain rate) decreased significantly after aortic constriction, with the changes being proportional to the magnitude of hypertrophy. In the HFpEF model, reverse longitudinal strain rate decreased significantly but changes in IVRT and E/E' were non-significant, consistent with less severe dysfunction. With volume overload, there was a significant increase in reverse longitudinal strain rate and decrease in IVRT, indicating a restrictive physiology. Acute thapsigargin treatment caused significant prolongation of IVRT and decrease in reverse longitudinal strain rate. CONCLUSION: These results indicate that the combined measurement of left atrial area plus reverse longitudinal strain rate and/or IVRT provide an excellent overall assessment of diastolic function in the diseased mouse heart, allowing distinction between different types of pathophysiology.",1977,pubmed,261,Cardiology:0.7926; Internal medicine:0.7486; Diastole:0.6843; Medicine:0.6658; Pressure overload:0.5985; Heart failure:0.5269; Isovolumic relaxation time:0.5187; Preload:0.4995; Heart failure with preserved ejection fraction:0.4797; Volume overload:0.4655; Heart disease:0.4309; Ejection fraction:0.4156; Diastolic function:0.2613; Hemodynamics:0.2477; Blood pressure:0.2365; Cardiac hypertrophy:0,Cardiovascular Function and Risk Factors:0.5999; Cardiac Fibrosis and Remodeling:0.3333; Cardiac electrophysiology and arrhythmias:0.0162,"Animals; Cardiomegaly; Diastole; Disease Models, Animal; Echocardiography; Heart Diseases; Heart Failure; Mice, Inbred C57BL; Observer Variation; Pressure; Sarcoplasmic Reticulum Calcium-Transporting ATPases; Stroke Volume; Systole; Thapsigargin","Mice, Inbred C57BL"
https://openalex.org/W3120249811,https://doi.org/10.1186/s12933-020-01208-z,33413413,Dual SGLT-1 and SGLT-2 inhibition improves left atrial dysfunction in HFpEF,2021,"BACKGROUND: Sodium-glucose linked transporter type 2 (SGLT-2) inhibition has been shown to reduce cardiovascular mortality in heart failure independently of glycemic control and prevents the onset of atrial arrhythmias, a common co-morbidity in heart failure with preserved ejection fraction (HFpEF). The mechanism behind these effects is not fully understood, and it remains unclear if they could be further enhanced by additional SGLT-1 inhibition. We investigated the effects of chronic treatment with the dual SGLT-1&2 inhibitor sotagliflozin on left atrial (LA) remodeling and cellular arrhythmogenesis (i.e. atrial cardiomyopathy) in a metabolic syndrome-related rat model of HFpEF. METHODS: 17 week-old ZSF-1 obese rats, a metabolic syndrome-related model of HFpEF, and wild type rats (Wistar Kyoto), were fed 30 mg/kg/d sotagliflozin for 6 weeks. At 23 weeks, LA were imaged in-vivo by echocardiography. In-vitro, Ca2+ transients (CaT; electrically stimulated, caffeine-induced) and spontaneous Ca2+ release were recorded by ratiometric microscopy using Ca2+-sensitive fluorescent dyes (Fura-2) during various experimental protocols. Mitochondrial structure (dye: Mitotracker), Ca2+ buffer capacity (dye: Rhod-2), mitochondrial depolarization (dye: TMRE) and production of reactive oxygen species (dye: H2DCF) were visualized by confocal microscopy. Statistical analysis was performed with 2-way analysis of variance followed by post-hoc Bonferroni and student's t-test, as applicable. RESULTS: Sotagliflozin ameliorated LA enlargement in HFpEF in-vivo. In-vitro, LA cardiomyocytes in HFpEF showed an increased incidence and amplitude of arrhythmic spontaneous Ca2+ release events (SCaEs). Sotagliflozin significantly reduced the magnitude of SCaEs, while their frequency was unaffected. Sotagliflozin lowered diastolic [Ca2+] of CaT at baseline and in response to glucose influx, possibly related to a ~ 50% increase of sodium sodium-calcium exchanger (NCX) forward-mode activity. Sotagliflozin prevented mitochondrial swelling and enhanced mitochondrial Ca2+ buffer capacity in HFpEF. Sotagliflozin improved mitochondrial fission and reactive oxygen species (ROS) production during glucose starvation and averted Ca2+ accumulation upon glycolytic inhibition. CONCLUSION: The SGLT-1&2 inhibitor sotagliflozin ameliorated LA remodeling in metabolic HFpEF. It also improved distinct features of Ca2+-mediated cellular arrhythmogenesis in-vitro (i.e. magnitude of SCaEs, mitochondrial Ca2+ buffer capacity, diastolic Ca2+ accumulation, NCX activity). The safety and efficacy of combined SGLT-1&2 inhibition for the treatment and/or prevention of atrial cardiomyopathy associated arrhythmias should be further evaluated in clinical trials.",2744,pubmed,356,Medicine:0.7958; Internal medicine:0.6946; Heart failure:0.6941; Cardiology:0.6305; Angiology:0.5621; Heart failure with preserved ejection fraction:0.546; Diastole:0.5077; In vivo:0.466; Preload:0.4441; Ejection fraction:0.3892; Endocrinology:0.3509; Blood pressure:0.1485; Hemodynamics:0.0991; Biotechnology:0; Biology:0,Cardiovascular Function and Risk Factors:0.9355; Diabetes Treatment and Management:0.0221; Cardiac electrophysiology and arrhythmias:0.0118,"Animals; Arrhythmias, Cardiac; Atrial Function, Left; Atrial Remodeling; Calcium Signaling; Disease Models, Animal; Glycosides; Heart Atria; Heart Failure; Metabolic Syndrome; Mitochondria, Heart; Mitochondrial Dynamics; Mitochondrial Swelling; Rats, Inbred WKY; Rats, Zucker; Reactive Oxygen Species; Sodium-Calcium Exchanger; Sodium-Glucose Transporter 1; Sodium-Glucose Transporter 2; Sodium-Glucose Transporter 2 Inhibitors; Rats","Rats, Inbred WKY; Rats, Zucker; Rats"
https://openalex.org/W2531279979,https://doi.org/10.1161/circulationaha.116.023003,27630136,Experimentally Increasing the Compliance of Titin Through RNA Binding Motif-20 (RBM20) Inhibition Improves Diastolic Function In a Mouse Model of Heart Failure With Preserved Ejection Fraction,2016,"BACKGROUND: Left ventricular (LV) stiffening contributes to heart failure with preserved ejection fraction (HFpEF), a syndrome with no effective treatment options. Increasing the compliance of titin in the heart has become possible recently through inhibition of the splicing factor RNA binding motif-20. Here, we investigated the effects of increasing the compliance of titin in mice with diastolic dysfunction. METHODS: Mice in which the RNA recognition motif (RRM) of one of the RNA binding motif-20 alleles was floxed and that expressed the MerCreMer transgene under control of the αMHC promoter (referred to as cRbm20ΔRRM mice) were used. Mice underwent transverse aortic constriction (TAC) surgery and deoxycorticosterone acetate (DOCA) pellet implantation. RRM deletion in adult mice was triggered by injecting raloxifene (cRbm20ΔRRM-raloxifene), with dimethyl sulfoxide (DMSO)-injected mice (cRbm20ΔRRM-DMSO) as the control. Diastolic function was investigated with echocardiography and pressure-volume analysis; passive stiffness was studied in LV muscle strips and isolated cardiac myocytes before and after elimination of titin-based stiffness. Treadmill exercise performance was also studied. Titin isoform expression was evaluated with agarose gels. RESULTS: cRbm20ΔRRM-raloxifene mice expressed large titins in the hearts, called supercompliant titin (N2BAsc), which, within 3 weeks after raloxifene injection, made up ≈45% of total titin. TAC/DOCA cRbm20ΔRRM-DMSO mice developed LV hypertrophy and a marked increase in LV chamber stiffness as shown by both pressure-volume analysis and echocardiography. LV chamber stiffness was normalized in TAC/DOCA cRbm20ΔRRM-raloxifene mice that expressed N2BAsc. Passive stiffness measurements on muscle strips isolated from the LV free wall revealed that extracellular matrix stiffness was equally increased in both groups of TAC/DOCA mice (cRbm20ΔRRM-DMSO and cRbm20ΔRRM-raloxifene). However, titin-based muscle stiffness was reduced in the mice that expressed N2BAsc (TAC/DOCAcRbm20ΔRRM-raloxifene). Exercise testing demonstrated significant improvement in exercise tolerance in TAC/DOCA mice that expressed N2BAsc. CONCLUSIONS: Inhibition of the RNA binding motif-20-based titin splicing system upregulates compliant titins, which improves diastolic function and exercise tolerance in the TAC/DOCA model. Titin holds promise as a therapeutic target for heart failure with preserved ejection fraction.",2458,pubmed,325,Titin:0.9043; Medicine:0.7391; Ejection fraction:0.6098; Raloxifene:0.5838; Heart failure:0.5224; Internal medicine:0.5112; Diastole:0.469; Endocrinology:0.4544; Cardiology:0.4359; Myocyte:0.4352; Blood pressure:0.1825; Sarcomere:0.1592; Estrogen receptor:0; Cancer:0; Breast cancer:0,Cardiomyopathy and Myosin Studies:0.9519; Congenital heart defects research:0.0095; Cardiovascular Function and Risk Factors:0.0078,"Animals; Compliance; Connectin; Diastole; Disease Models, Animal; Exercise Tolerance; Heart Failure; Hypertrophy, Left Ventricular; Mice; Mice, Transgenic; RNA-Binding Motifs; RNA-Binding Proteins; Stroke Volume; Ventricular Function, Left","Mice; Mice, Transgenic"
https://openalex.org/W4400726393,https://doi.org/10.1126/scitranslmed.adm8842,39018366,Vasohibin inhibition improves myocardial relaxation in a rat model of heart failure with preserved ejection fraction,2024,"Heart failure with preserved ejection fraction (HFpEF) is a complex syndrome associated with increased myocardial stiffness and cardiac filling abnormalities. Prior studies implicated increased α-tubulin detyrosination, which is catalyzed by the vasohibin enzymes, as a contributor to increased stabilization of the cardiomyocyte microtubule network (MTN) and stiffness in failing human hearts. We explored whether increased MTN detyrosination contributed to impaired diastolic function in the ZSF1 obese rat model of HFpEF and designed a small-molecule vasohibin inhibitor to ablate MTN detyrosination in vivo. Compared with ZSF1 lean and Wistar Kyoto rats, obese rats exhibited increased tubulin detyrosination concomitant with diastolic dysfunction, left atrial enlargement, and cardiac hypertrophy with a preserved left ventricle ejection fraction, consistent with an HFpEF phenotype. Ex vivo myocardial phenotyping assessed cardiomyocyte mechanics and contractility. Vasohibin inhibitor treatment of isolated cardiomyocytes from obese rats resulted in reduced stiffness and faster relaxation. Acute in vivo treatment with vasohibin inhibitor improved diastolic relaxation in ZSF1 obese rats compared with ZSF1 lean and Wistar Kyoto rats. Vasohibin inhibition also improved relaxation in isolated human cardiomyocytes from both failing and nonfailing hearts. Our data suggest the therapeutic potential for vasohibin inhibition to reduce myocardial stiffness and improve relaxation in HFpEF.",1494,pubmed,198,Heart failure:0.6992; Ejection fraction:0.6884; Heart failure with preserved ejection fraction:0.6565; Internal medicine:0.6326; Contractility:0.5983; Diastole:0.5983; Cardiology:0.5606; Ventricle:0.5547; Ex vivo:0.5349; In vivo:0.4912; Medicine:0.4601; Endocrinology:0.3788; Biology:0.1873; Blood pressure:0.0989; Biotechnology:0,Cardiovascular Function and Risk Factors:0.999; Cardiomyopathy and Myosin Studies:0.9942; Cardiac electrophysiology and arrhythmias:0.9932,"Animals; Humans; Male; Rats; Cell Cycle Proteins; Diastole; Disease Models, Animal; Heart Failure; Myocardium; Myocytes, Cardiac; Obesity; Rats, Inbred WKY; Stroke Volume; Tubulin","Humans; Rats; Rats, Inbred WKY"
https://openalex.org/W3092662461,https://doi.org/10.3390/ani10101906,33080942,Large Animal Models of Heart Failure: Reduced vs. Preserved Ejection Fraction,2020,"Heart failure (HF) is the final common end point of multiple metabolic and cardiovascular diseases and imposes a significant health care burden worldwide. Despite significant improvements in clinical management and outcomes, morbidity and mortality remain high and there remains an indisputable need for improved treatment options. The pathophysiology of HF is complex and covers a spectrum of clinical presentations from HF with reduced ejection fraction (HFrEF) (≤40% EF) through to HF with preserved EF (HFpEF), with HFpEF patients demonstrating a reduced ability of the heart to relax despite an EF maintained above 50%. Prior to the last decade, the majority of clinical trials and animal models addressed HFrEF. Despite growing efforts recently to understand underlying mechanisms of HFpEF and find effective therapies for its treatment, clinical trials in patients with HFpEF have failed to demonstrate improvements in mortality. A significant obstacle to therapeutic innovation in HFpEF is the absence of preclinical models including large animal models which, unlike rodents, permit detailed instrumentation and extensive imaging and sampling protocols. Although several large animal models of HFpEF have been reported, none fulfil all the features present in human disease and few demonstrate progression to frank decompensated HF. This review summarizes well-established models of HFrEF in pigs, dogs and sheep and discusses attempts to date to model HFpEF in these species.",1485,pubmed,218,Medicine:0.8144; Heart failure:0.7845; Heart failure with preserved ejection fraction:0.7814; Ejection fraction:0.579; Cardiology:0.5303; Clinical trial:0.4935; Disease:0.4867; Internal medicine:0.4835; Intensive care medicine:0.4681,Cardiovascular Function and Risk Factors:0.9999; Heart Failure Treatment and Management:0.9994; Mechanical Circulatory Support Devices:0.9975,,
https://openalex.org/W2768621658,https://doi.org/10.1038/s41598-017-15851-2,29185443,A Feline HFpEF Model with Pulmonary Hypertension and Compromised Pulmonary Function,2017,"Heart Failure with preserved Ejection Fraction (HFpEF) represents a major public health problem. The causative mechanisms are multifactorial and there are no effective treatments for HFpEF, partially attributable to the lack of well-established HFpEF animal models. We established a feline HFpEF model induced by slow-progressive pressure overload. Male domestic short hair cats (n = 20), underwent either sham procedures (n = 8) or aortic constriction (n = 12) with a customized pre-shaped band. Pulmonary function, gas exchange, and invasive hemodynamics were measured at 4-months post-banding. In banded cats, echocardiography at 4-months revealed concentric left ventricular (LV) hypertrophy, left atrial (LA) enlargement and dysfunction, and LV diastolic dysfunction with preserved systolic function, which subsequently led to elevated LV end-diastolic pressures and pulmonary hypertension. Furthermore, LV diastolic dysfunction was associated with increased LV fibrosis, cardiomyocyte hypertrophy, elevated NT-proBNP plasma levels, fluid and protein loss in pulmonary interstitium, impaired lung expansion, and alveolar-capillary membrane thickening. We report for the first time in HFpEF perivascular fluid cuff formation around extra-alveolar vessels with decreased respiratory compliance. Ultimately, these cardiopulmonary abnormalities resulted in impaired oxygenation. Our findings support the idea that this model can be used for testing novel therapeutic strategies to treat the ever growing HFpEF population.",1522,pubmed,202,Medicine:0.8554; Cardiology:0.8055; Heart failure with preserved ejection fraction:0.7583; Pulmonary hypertension:0.7562; Internal medicine:0.7369; Pressure overload:0.6325; Diastole:0.5371; Muscle hypertrophy:0.5095; Exercise intolerance:0.5088; Concentric hypertrophy:0.4985; Heart failure:0.4901; Compliance (psychology):0.4419; Ejection fraction:0.3528; Blood pressure:0.3019; Cardiac hypertrophy:0.1448; Social psychology:0; Psychology:0,Cardiovascular Function and Risk Factors:0.9999; Heart Failure Treatment and Management:0.999; Cardiac Valve Diseases and Treatments:0.9976,"Animals; Cats; Disease Models, Animal; Female; Fibrosis; Hypertension, Pulmonary; Hypertrophy, Left Ventricular; Male; Myocytes, Cardiac; Pulmonary Alveoli; Stroke Volume; Ventricular Dysfunction, Left",Cats
https://openalex.org/W4220977956,https://doi.org/10.3390/ijms23073569,35408928,Effect of Metformin on T2D-Induced MAM Ca2+ Uncoupling and Contractile Dysfunction in an Early Mouse Model of Diabetic HFpEF,2022,"Diabetic cardiomyopathy (DCM) is a leading complication in type 2 diabetes patients. Recently, we have shown that the reticulum-mitochondria Ca2+ uncoupling is an early and reversible trigger of the cardiac dysfunction in a diet-induced mouse model of DCM. Metformin is a first-line antidiabetic drug with recognized cardioprotective effect in myocardial infarction. Whether metformin could prevent the progression of DCM remains not well understood. We therefore investigated the effect of a chronic 6-week metformin treatment on the reticulum-mitochondria Ca2+ coupling and the cardiac function in our high-fat high-sucrose diet (HFHSD) mouse model of DCM. Although metformin rescued the glycemic regulation in the HFHSD mice, it did not preserve the reticulum-mitochondria Ca2+ coupling either structurally or functionally. Metformin also did not prevent the progression towards cardiac dysfunction, i.e., cardiac hypertrophy and strain dysfunction. In summary, despite its cardioprotective role, metformin is not sufficient to delay the progression to early DCM.",1066,pubmed,148,Metformin:0.9562; Diabetic cardiomyopathy:0.7431; Medicine:0.6956; Internal medicine:0.6282; Mitochondrion:0.5886; Endocrinology:0.5493; Cardiomyopathy:0.5078; Heart failure:0.4796; Diabetes mellitus:0.4624; Type 2 diabetes:0.4452; Fibrosis:0.4135; Pharmacology:0.3675; Cardiology:0.3562; Biology:0.1892; Cell biology:0,"Metabolism, Diabetes, and Cancer:0.9997; Cardiovascular Function and Risk Factors:0.9995; Pancreatic function and diabetes:0.9989","Animals; Diabetes Mellitus, Type 2; Diabetic Cardiomyopathies; Disease Models, Animal; Heart Failure; Humans; Metformin; Mice; Stroke Volume",Humans; Mice
https://openalex.org/W4402898194,https://doi.org/10.1111/micc.12888,39325678,<scp>PDE9A</scp> Inhibition Improves Coronary Microvascular Rarefaction and Left Ventricular Diastolic Dysfunction in the <scp>ZSF1</scp> Rat Model of <scp>HFpEF</scp>,2024,"OBJECTIVE: Heart failure with preserved ejection fraction (HFpEF) commonly arises from comorbid diseases, such as hypertension, obesity, and diabetes mellitus. Selective inhibition of phosphodiesterase 9A (PDE9A) has emerged as a potential therapeutic approach for treating cardiometabolic diseases. Coronary microvascular disease (CMD) is one of the key mechanisms contributing to the development of left ventricular (LV) diastolic dysfunction in HFpEF. Our study aimed to investigate the mechanisms by which PDE9A inhibition could ameliorate CMD and improve LV diastolic function in HFpEF. METHODS AND RESULTS: The obese diabetic Zucker fatty/spontaneously hypertensive heart failure F1 hybrid (ZSF1) rat model of HFpEF was employed in which it was found that a progressively developing coronary microvascular rarefaction is associated with LV diastolic dysfunction when compared to lean, nondiabetic hypertensive controls. Obese ZSF1 rats had an increased cardiac expression of PDE9A. Treatment of obese ZSF1 rats with the selective PDE9A inhibitor, PF04447943 (3 mg/kg/day, oral gavage for 2 weeks), improved coronary microvascular rarefaction and LV diastolic dysfunction, which was accompanied by reduced levels of oxidative and nitrosative stress markers, hydrogen peroxide, and 3-nitrotyrosine. Liquid chromatography-mass spectrometry (LC-MS) proteomic analysis identified peroxiredoxins (PRDX) as downregulated antioxidants in the heart of obese ZSF1 rats, whereas Western immunoblots showed that the protein level of PRDX5 was significantly increased by the PF04447943 treatment. CONCLUSIONS: Thus, in the ZSF1 rat model of human HFpEF, PDE9A inhibition improves coronary vascular rarefaction and LV diastolic dysfunction, demonstrating the usefulness of PDE9A inhibitors in ameliorating CMD and LV diastolic dysfunction through augmenting PRDX-dependent antioxidant mechanisms.",1888,pubmed,251,Medicine:0.8428; Heart failure with preserved ejection fraction:0.8081; Diastole:0.7009; Cardiology:0.6993; Internal medicine:0.675; Heart failure:0.6662; Nitrotyrosine:0.4504; Endothelial dysfunction:0.414; Ejection fraction:0.4036; Endocrinology:0.3495; Blood pressure:0.285; Nitric oxide:0.0864; Nitric oxide synthase:0,Phosphodiesterase function and regulation:0.9904; Protein Kinase Regulation and GTPase Signaling:0.0015; Cardiac Fibrosis and Remodeling:0.0014,"Animals; Rats; Ventricular Dysfunction, Left; Rats, Zucker; Disease Models, Animal; Heart Failure; Male; Microvascular Rarefaction; 3',5'-Cyclic-AMP Phosphodiesterases","Rats; Rats, Zucker"
https://openalex.org/W4377091284,https://doi.org/10.1152/ajpheart.00038.2023,37204871,Characterization of a robust mouse model of heart failure with preserved ejection fraction,2023,"Heart failure (HF) is a leading cause of morbidity and mortality particularly in older adults and patients with multiple metabolic comorbidities. Heart failure with preserved ejection fraction (HFpEF) is a clinical syndrome with multisystem organ dysfunction in which patients develop symptoms of HF as a result of high left ventricular (LV) diastolic pressure in the context of normal or near normal LV ejection fraction (LVEF; ≥50%). Challenges to create and reproduce a robust rodent phenotype that recapitulates the multiple comorbidities that exist in this syndrome explain the presence of various animal models that fail to satisfy all the criteria of HFpEF. Using a continuous infusion of angiotensin II and phenylephrine (ANG II/PE), we demonstrate a strong HFpEF phenotype satisfying major clinically relevant manifestations and criteria of this pathology, including exercise intolerance, pulmonary edema, concentric myocardial hypertrophy, diastolic dysfunction, histological signs of microvascular impairment, and fibrosis. Conventional echocardiographic analysis of diastolic dysfunction identified early stages of HFpEF development and speckle tracking echocardiography analysis including the left atrium (LA) identified strain abnormalities indicative of contraction-relaxation cycle impairment. Diastolic dysfunction was validated by retrograde cardiac catheterization and analysis of LV end-diastolic pressure (LVEDP). Among mice that developed HFpEF, two major subgroups were identified with predominantly perivascular fibrosis and interstitial myocardial fibrosis. In addition to major phenotypic criteria of HFpEF that were evident at early stages of this model (3 and 10 days), accompanying RNAseq data demonstrate activation of pathways associated with myocardial metabolic changes, inflammation, activation of extracellular matrix (ECM) deposition, microvascular rarefaction, and pressure- and volume-related myocardial stress.NEW & NOTEWORTHY Heart failure with preserved ejection fraction (HFpEF) is an emerging epidemic affecting up to half of patients with heart failure. Here we used a chronic angiotensin II/phenylephrine (ANG II/PE) infusion model and instituted an updated algorithm for HFpEF assessment. Given the simplicity in generating this model, it may become a useful tool for investigating pathogenic mechanisms, identification of diagnostic markers, and for drug discovery aimed at both prevention and treatment of HFpEF.",2460,pubmed,330,Ejection fraction:0.7413; Fraction (chemistry):0.6577; Heart failure:0.6029; Internal medicine:0.5079; Cardiology:0.4838; Characterization (materials science):0.4593; Medicine:0.3429; Materials science:0.2469; Chemistry:0.2382; Chromatography:0.1431; Nanotechnology:0.0714,Cardiovascular Function and Risk Factors:0.9981; Receptor Mechanisms and Signaling:0.9973; Adipose Tissue and Metabolism:0.997,"Animals; Mice; Heart Failure; Stroke Volume; Angiotensin II; Ventricular Function, Left; Cardiomyopathies; Disease Models, Animal; Fibrosis; Phenylephrine",Mice
https://openalex.org/W4205879225,https://doi.org/10.3389/fcvm.2021.809885,35097026,A Preclinical Rat Model of Heart Failure With Preserved Ejection Fraction With Multiple Comorbidities,2022,"Heart failure with preserved ejection fraction (HFpEF) is a common complex clinical syndrome for which there are currently few evidence-based therapies. As patients with HFpEF very often present with comorbidities comprising the metabolic syndrome, we hypothesized, that metabolic syndrome could lead over time to the development of diastolic dysfunction and HFpEF. Obesity-prone rats were exposed to high-fat diet and compared to obesity-resistant rats fed with standard chow. Phenotyping of metabolic syndrome, associated with echocardiographic and cardiac hemodynamic measurements, was performed after 4 and 12 months. Blood and myocardial tissue sampling were performed for pathobiological evaluation. High-fat diet in obesity-prone rats elicited metabolic syndrome, characterized by increased body and abdominal fat weights, glucose intolerance and hyperlipidemia, as well as increased left ventricular (LV) systolic pressure (after 12 months). This was associated with LV diastolic dysfunction (assessed by increased LV end-diastolic pressure) and pulmonary hypertension (assessed by increased right ventricular systolic pressure). Echocardiography revealed significant concentric LV hypertrophy, while LV ejection fraction was preserved. LV remodeling was associated with cardiomyocyte hypertrophy, as well as myocardial and perivascular fibrosis. Circulating levels of soluble ST2 (the interleukin-1 receptor-like) markedly increased in rats with HFpEF, while plasma NT-proBNP levels decreased. RNA-sequencing analysis identified clusters of genes implicated in fatty acid metabolism and calcium-dependent contraction as upregulated pathways in the myocardium of rats with HFpEF. High-fat diet during 12 months in obesity-prone rats led to the development of a relevant preclinical model of HFpEF with multiple comorbidities, suitable for investigating novel therapeutic interventions.",1893,pubmed,247,Medicine:0.8659; Heart failure with preserved ejection fraction:0.8239; Internal medicine:0.8045; Cardiology:0.7456; Heart failure:0.7089; Ejection fraction:0.6739; Metabolic syndrome:0.5968; Diastole:0.5605; Blood pressure:0.5177; Concentric hypertrophy:0.4512; Left ventricular hypertrophy:0.4429; Muscle hypertrophy:0.4377; Obesity:0.3937; Endocrinology:0.3865,Cardiovascular Function and Risk Factors:1.0; Cardiovascular Disease and Adiposity:0.9975; Heart Failure Treatment and Management:0.9969,,
https://openalex.org/W3212386067,https://doi.org/10.1007/s10741-021-10184-9,34751846,Large animal models of heart failure with preserved ejection fraction,2021,"Heart failure with preserved ejection fraction (HFpEF) is characterized by diastolic dysfunction and multiple comorbidities. The number of patients is continuously increasing, with no improvement in its unfavorable prognosis, and there is a strong need for novel treatments. New devices and drugs are difficult to assess at the translational preclinical step due to the lack of high-fidelity large animal models of HFpEF. In this review, we describe the summary of historical and evolving techniques for developing large animal models. The representative methods are pressure overload models, including (1) aortic banding, (2) aortic stent, (3) renal hypertension, and (4) mineralocorticoid-induced hypertension. Diet-induced metabolic syndromes are also used. A new technique with an inflatable balloon inside the left ventricle can be used during acute/chronic in vivo surgeries to simulate HFpEF-like hemodynamics for pump-based therapies. Canines and porcine are most widely used, but other non-rodent animals (sheep, non-human primates, felines, or calves) have been used. Feline models present the most well-simulated HFpEF pathology, but small size is a concern, and the information is still very limited. The rapid and reliable establishment of large animal models for HFpEF, and novel methodology based on the past experimental attempts with large animals, are needed.",1377,pubmed,198,Medicine:0.8795; Heart failure with preserved ejection fraction:0.7732; Heart failure:0.7061; Pressure overload:0.6636; Cardiology:0.6315; Ventricle:0.6307; Ejection fraction:0.6199; Internal medicine:0.5607; Animal model:0.4502; Diastole:0.4431; Blood pressure:0.3269; Cardiac hypertrophy:0.086,Cardiovascular Function and Risk Factors:0.9999; Heart Failure Treatment and Management:0.9991; Mechanical Circulatory Support Devices:0.9949,"Animals; Cats; Cattle; Disease Models, Animal; Dogs; Heart Failure; Heart Ventricles; Humans; Sheep; Stroke Volume; Swine; Ventricular Function, Left",Cats; Dogs; Humans; Sheep; Swine
https://openalex.org/W4221110597,https://doi.org/10.1016/j.yjmcc.2022.03.004,35318042,A ‘Swine Time’ for HFpEF: Multiple animal models for a myriad of clinical phenotypes,2022,,0,,0,Heart failure with preserved ejection fraction:0.886; Medicine:0.6315; Heart failure:0.6252; Disease:0.5568; Cardiology:0.4777; Internal medicine:0.4224; Ejection fraction:0.3431,Heart Failure Treatment and Management:0.9992; Cardiovascular Function and Risk Factors:0.9991; Mechanical Circulatory Support Devices:0.986,"Animals; Disease Models, Animal; Heart Failure; Phenotype; Stroke Volume; Swine",Swine
https://openalex.org/W3025303888,https://doi.org/10.1016/j.cardfail.2020.04.017,32417378,"High-Choline Diet Exacerbates Cardiac Dysfunction, Fibrosis, and Inflammation in a Mouse Model of Heart Failure With Preserved Ejection Fraction",2020,"BACKGROUND: Trimethylamine N-oxide, a gut microbe-dependent metabolite of dietary choline and other trimethylamine-containing nutrients, has been associated with a poor prognosis for patients with cardiovascular disease. However, the role and underlying mechanisms of trimethylamine N-oxide in the cardiac function of patients with heart failure with preserved ejection fraction (HFpEF) have not been elucidated. METHODS AND RESULTS: C57BL/6 mice were fed a normal diet, high-choline (1.2%) diet, and/or 3-dimethyl-1-butanol diet 3 weeks before the operation (uninephrectomy followed by a continuous saline or aldosterone infusion). Mice were assessed for 4 weeks after the operation. Echocardiographic and hemodynamic measurements were performed. Blood samples were evaluated for choline, trimethylamine N-oxide, and inflammatory factor levels. Left ventricular tissues were collected to assess myocardial fibrosis and inflammation. Left ventricular hypertrophy, pulmonary congestion, and diastolic dysfunction were markedly exacerbated in HFpEF mice fed high-choline diets compared with mice fed the control diet. Myocardial fibrosis and inflammation were markedly increased in HFpEF mice fed high-choline diets compared with animals fed the control diet. Additionally, 3,3-dimethyl-1-butanol DMB markedly ameliorated cardiac diastolic dysfunction, myocardial fibrosis and inflammation in the choline-fed HFpEF mice. CONCLUSIONS: A high-choline diet exacerbates cardiac dysfunction, myocardial fibrosis, and inflammation in HFpEF mice, and 3,3-dimethyl-1-butanol ameliorates the high-choline diet-induced cardiac remodeling.",1626,pubmed,204,Medicine:0.9541; Ejection fraction:0.8691; Heart failure:0.7738; Fibrosis:0.6759; Inflammation:0.652; Cardiology:0.6487; Internal medicine:0.6274; Cardiac dysfunction:0.4536; Choline:0.4165,Cardiovascular Function and Risk Factors:0.3427; Folate and B Vitamins Research:0.1266; Metabolism and Genetic Disorders:0.0662,"Animals; Choline; Diet; Fibrosis; Heart Failure; Humans; Inflammation; Mice; Mice, Inbred C57BL; Stroke Volume","Humans; Mice; Mice, Inbred C57BL"
https://openalex.org/W2795751760,https://doi.org/10.1097/fjc.0000000000000561,29620605,Captopril Attenuates Cardiovascular and Renal Disease in a Rat Model of Heart Failure With Preserved Ejection Fraction,2018,"Heart failure with preserved ejection fraction (HFpEF), a prevalent form of heart failure, is frequently accompanied by the metabolic syndrome and kidney disease. Because current treatment options of HFpEF are limited, evaluation of therapies in experimental models of HFpEF with the metabolic syndrome and kidney disease is needed. In this study, we evaluated the effects of captopril, furosemide, and their combination in aged, obese ZSF1 rats, an animal model of HFpEF with the metabolic syndrome and chronic kidney disease as comorbidities. Captopril (100 mg/kg), furosemide (50 mg/kg), or their combination was administered orally to obese ZSF1 rats aged 20 to 44 weeks. Untreated ZSF1 rats served as controls. After 24 weeks of treatment, captopril significantly lowered systemic blood pressure and attenuated HFpEF as evidenced by significantly reduced left ventricular end diastolic pressures (10.5 ± 1.4 vs. 4.9 ± 1.3 mm Hg in Control vs. Captopril, respectively) and significantly lower left ventricular relaxation time constants (28.1 ± 2.9 vs. 18.3 ± 3.1 ms in Control vs. Captopril, respectively). The captopril-induced improvement in left ventricular function was associated with reduced cardiac hypertrophy, ischemia, necrosis, and vasculitis. Captopril also increased renal blood flow and glomerular filtration rate, reduced renal vascular resistance and proteinuria, and improved renal histology (ie, reduced renal hypertrophy, glomerulosclerosis, and tubular atrophy/dilation). Furosemide alone provided little benefit; moreover, furosemide did not augment the therapeutic benefits of captopril. This study suggests that chronic administration of captopril, but not furosemide, could be beneficial in patients with HFpEF, particularly in those with comorbidities such as obesity, diabetes, and dyslipidemias.",1826,pubmed,256,Captopril:0.9059; Medicine:0.8422; Internal medicine:0.6818; Furosemide:0.6395; Heart failure with preserved ejection fraction:0.5846; Heart failure:0.5767; Left ventricular hypertrophy:0.5582; Cardiology:0.5394; Ejection fraction:0.4843; Renal function:0.4633; Kidney disease:0.4271; Endocrinology:0.3874; Blood pressure:0.3764,Cardiovascular Function and Risk Factors:0.9998; Heart Failure Treatment and Management:0.9993; Diabetes Treatment and Management:0.9903,"Angiotensin-Converting Enzyme Inhibitors; Animals; Blood Pressure; Captopril; Comorbidity; Disease Models, Animal; Diuretics; Drug Therapy, Combination; Furosemide; Glomerular Filtration Rate; Heart Failure; Kidney; Male; Metabolic Syndrome; Rats, Zucker; Renal Circulation; Renal Insufficiency, Chronic; Renin-Angiotensin System; Stroke Volume; Ventricular Function, Left; Ventricular Pressure","Rats, Zucker"
https://openalex.org/W3112454773,https://doi.org/10.1002/ehf2.13142,33350094,Muscular Changes in Animal Models of Heart Failure with Preserved Ejection Fraction: What Comes Closest to the Patient?,2020,"AIMS: Heart failure with preserved ejection fraction (HFpEF) is associated with reduced exercise capacity elicited by skeletal muscle (SM) alterations. Up to now, no clear medical treatment advice for HFpEF is available. Identification of the ideal animal model mimicking the human condition is a critical step in developing and testing treatment strategies. Several HFpEF animals have been described, but the most suitable in terms of comparability with SM alterations in HFpEF patients is unclear. The aim of the present study was to investigate molecular changes in SM of three different animal models and to compare them with alterations of muscle biopsies obtained from human HFpEF patients. METHODS AND RESULTS: Skeletal muscle tissue was obtained from HFpEF and control patients and from three different animal models including the respective controls-ZSF1 rat, Dahl salt-sensitive rat, and transverse aortic constriction surgery/deoxycorticosterone mouse. The development of HFpEF was verified by echocardiography. Protein expression and enzyme activity of selected markers were assessed in SM tissue homogenates. Protein expression between SM tissue obtained from HFpEF patients and the ZSF1 rats revealed similarities for protein markers involved in muscle atrophy (MuRF1 expression, protein ubiquitinylation, and LC3) and mitochondrial metabolism (succinate dehydrogenase and malate dehydrogenase activity, porin expression). The other two animal models exhibited far less similarities to the human samples. CONCLUSIONS: None of the three tested animal models mimics the condition in HFpEF patients completely, but among the animal models tested, the ZSF1 rat (ZSF1-lean vs. ZSF1-obese) shows the highest overlap to the human condition. Therefore, when studying therapeutic interventions to treat HFpEF and especially alterations in the SM, we suggest that the ZSF1 rat is a suitable model.",1901,pubmed,272,Medicine:0.7516; Heart failure:0.7117; Heart failure with preserved ejection fraction:0.6609; Internal medicine:0.5995; Cardiology:0.563; Ejection fraction:0.4941; Exercise intolerance:0.4692; Skeletal muscle:0.4565; Endocrinology:0.4157; Atrophy:0.4115,Cardiovascular Function and Risk Factors:0.5837; Cardiovascular and exercise physiology:0.116; Cardiac Fibrosis and Remodeling:0.1027,"Animals; Disease Models, Animal; Heart Failure; Humans; Mice; Muscle, Skeletal; Rats; Rats, Inbred Dahl; Stroke Volume","Humans; Mice; Rats; Rats, Inbred Dahl"
https://openalex.org/W4399438751,https://doi.org/10.1161/circheartfailure.123.011107,38847102,Empagliflozin Improves Diastolic Function in HFpEF by Restabilizing the Mitochondrial Respiratory Chain,2024,"BACKGROUND: Clinical studies demonstrated beneficial effects of sodium-glucose-transporter 2 inhibitors on the risk of cardiovascular death in patients with heart failure with preserved ejection fraction (HFpEF). However, underlying processes for cardioprotection remain unclear. The present study focused on the impact of empagliflozin (Empa) on myocardial function in a rat model with established HFpEF and analyzed underlying molecular mechanisms. METHODS: Obese ZSF1 (Zucker fatty and spontaneously hypertensive) rats were randomized to standard care (HFpEF, n=18) or Empa (HFpEF/Empa, n=18). ZSF1 lean rats (con, n=18) served as healthy controls. Echocardiography was performed at baseline and after 4 and 8 weeks, respectively. After 8 weeks of treatment, hemodynamics were measured invasively, mitochondrial function was assessed and myocardial tissue was collected for either molecular and histological analyses or transmission electron microscopy. RESULTS: In HFpEF Empa significantly improved diastolic function (E/é: con: 17.5±2.8; HFpEF: 24.4±4.6; P<0.001 versus con; HFpEF/Empa: 19.4±3.2; P<0.001 versus HFpEF). This was accompanied by improved hemodynamics and calcium handling and by reduced inflammation, hypertrophy, and fibrosis. Proteomic analysis demonstrated major changes in proteins involved in mitochondrial oxidative phosphorylation. Cardiac mitochondrial respiration was significantly impaired in HFpEF but restored by Empa (Vmax complex IV: con: 0.18±0.07 mmol O2/s/mg; HFpEF: 0.13±0.05 mmol O2/s/mg; P<0.041 versus con; HFpEF/Empa: 0.21±0.05 mmol O2/s/mg; P=0.012 versus HFpEF) without alterations of mitochondrial content. The expression of cardiolipin, an essential stability/functionality-mediating phospholipid of the respiratory chain, was significantly decreased in HFpEF but reverted by Empa (con: 15.9±1.7 nmol/mg protein; HFpEF: 12.5±1.8 nmol/mg protein; P=0.002 versus con; HFpEF/Empa: 14.5±1.8 nmol/mg protein; P=0.03 versus HFpEF). Transmission electron microscopy revealed a reduced size of mitochondria in HFpEF, which was restored by Empa. CONCLUSIONS: The study demonstrates beneficial effects of Empa on diastolic function, hemodynamics, inflammation, and cardiac remodeling in a rat model of HFpEF. These effects were mediated by improved mitochondrial respiratory capacity due to modulated cardiolipin and improved calcium handling.",2379,pubmed,308,Empagliflozin:0.8967; Heart failure with preserved ejection fraction:0.7909; Internal medicine:0.7522; Medicine:0.7135; Cardiology:0.6498; EMPA:0.5084; Heart failure:0.4738; Diastole:0.4653; Ejection fraction:0.3677; Diabetes mellitus:0.366; Endocrinology:0.3404; Type 2 diabetes:0.2905; Blood pressure:0.2836; Chemistry:0.1146; Mineralogy:0; Electron microprobe:0,Cardiovascular Function and Risk Factors:0.9418; Diabetes Treatment and Management:0.0227; Heart Failure Treatment and Management:0.0107,"Animals; Glucosides; Benzhydryl Compounds; Sodium-Glucose Transporter 2 Inhibitors; Heart Failure; Mitochondria, Heart; Disease Models, Animal; Diastole; Rats, Zucker; Stroke Volume; Male; Ventricular Function, Left; Rats, Inbred SHR; Electron Transport; Rats","Rats, Zucker; Rats, Inbred SHR; Rats"
https://openalex.org/W4391174126,https://doi.org/10.1161/circresaha.123.322381,38264909,Indole-3-Propionic Acid Protects Against Heart Failure With Preserved Ejection Fraction,2024,"BACKGROUND: Heart failure with preserved ejection fraction (HFpEF) is a common but poorly understood form of heart failure, characterized by impaired diastolic function. It is highly heterogeneous with multiple comorbidities, including obesity and diabetes, making human studies difficult. METHODS: Metabolomic analyses in a mouse model of HFpEF showed that levels of indole-3-propionic acid (IPA), a metabolite produced by gut bacteria from tryptophan, were reduced in the plasma and heart tissue of HFpEF mice as compared with controls. We then examined the role of IPA in mouse models of HFpEF as well as 2 human HFpEF cohorts. RESULTS: The protective role and therapeutic effects of IPA were confirmed in mouse models of HFpEF using IPA dietary supplementation. IPA attenuated diastolic dysfunction, metabolic remodeling, oxidative stress, inflammation, gut microbiota dysbiosis, and intestinal epithelial barrier damage. In the heart, IPA suppressed the expression of NNMT (nicotinamide N-methyl transferase), restored nicotinamide, NAD+/NADH, and SIRT3 (sirtuin 3) levels. IPA mediates the protective effects on diastolic dysfunction, at least in part, by promoting the expression of SIRT3. SIRT3 regulation was mediated by IPA binding to the aryl hydrocarbon receptor, as Sirt3 knockdown diminished the effects of IPA on diastolic dysfunction in vivo. The role of the nicotinamide adenine dinucleotide circuit in HFpEF was further confirmed by nicotinamide supplementation, Nnmt knockdown, and Nnmt overexpression in vivo. IPA levels were significantly reduced in patients with HFpEF in 2 independent human cohorts, consistent with a protective function in humans, as well as mice. CONCLUSIONS: Our findings reveal that IPA protects against diastolic dysfunction in HFpEF by enhancing the nicotinamide adenine dinucleotide salvage pathway, suggesting the possibility of therapeutic management by either altering the gut microbiome composition or supplementing the diet with IPA.",1985,pubmed,283,Heart failure with preserved ejection fraction:0.7716; Heart failure:0.6661; SIRT3:0.6627; Nicotinamide:0.5125; Internal medicine:0.5091; Diastole:0.5077; Endocrinology:0.4762; Medicine:0.4668; Oxidative stress:0.4495; Pharmacology:0.4426; Metabolite:0.4321; Gene knockdown:0.4317; Ejection fraction:0.4072; Sirtuin:0.348; Chemistry:0.3272; NAD+ kinase:0.314; Biochemistry:0.2248; Blood pressure:0.0883; Apoptosis:0.0655; Enzyme:0.0641,Cardiovascular Function and Risk Factors:0.7484; Cardiac Fibrosis and Remodeling:0.0968; Heart Failure Treatment and Management:0.0653,Humans; Mice; Animals; Heart Failure; Stroke Volume; NAD; Sirtuin 3; Cardiomyopathies; Indoles; Niacinamide; Propionates,Humans; Mice
https://openalex.org/W3123807922,https://doi.org/10.1016/j.jacc.2020.11.044,33509397,Etiology-Dependent Impairment of Diastolic Cardiomyocyte Calcium Homeostasis in Heart Failure With Preserved Ejection Fraction,2021,"BACKGROUND: Whereas heart failure with reduced ejection fraction (HFrEF) is associated with ventricular dilation and markedly reduced systolic function, heart failure with preserved ejection fraction (HFpEF) patients exhibit concentric hypertrophy and diastolic dysfunction. Impaired cardiomyocyte Ca2+ homeostasis in HFrEF has been linked to disruption of membrane invaginations called t-tubules, but it is unknown if such changes occur in HFpEF. OBJECTIVES: This study examined whether distinct cardiomyocyte phenotypes underlie the heart failure entities of HFrEF and HFpEF. METHODS: T-tubule structure was investigated in left ventricular biopsies obtained from HFrEF and HFpEF patients, whereas cardiomyocyte Ca2+ homeostasis was studied in rat models of these conditions. RESULTS: HFpEF patients exhibited increased t-tubule density in comparison with control subjects. Super-resolution imaging revealed that higher t-tubule density resulted from both tubule dilation and proliferation. In contrast, t-tubule density was reduced in patients with HFrEF. Augmented collagen deposition within t-tubules was observed in HFrEF but not HFpEF hearts. A causative link between mechanical stress and t-tubule disruption was supported by markedly elevated ventricular wall stress in HFrEF patients. In HFrEF rats, t-tubule loss was linked to impaired systolic Ca2+ homeostasis, although diastolic Ca2+ removal was also reduced. In contrast, Ca2+ transient magnitude and release kinetics were largely maintained in HFpEF rats. However, diastolic Ca2+ impairments, including reduced sarco/endoplasmic reticulum Ca2+-ATPase activity, were specifically observed in diabetic HFpEF but not in ischemic or hypertensive models. CONCLUSIONS: Although t-tubule disruption and impaired cardiomyocyte Ca2+ release are hallmarks of HFrEF, such changes are not prominent in HFpEF. Impaired diastolic Ca2+ homeostasis occurs in both conditions, but in HFpEF, this mechanism for diastolic dysfunction is etiology-dependent.",2003,pubmed,266,Internal medicine:0.8076; Heart failure:0.776; Medicine:0.7638; Cardiology:0.6901; Ejection fraction:0.6014; Heart failure with preserved ejection fraction:0.5967; Homeostasis:0.5626; Diastole:0.5469; Muscle hypertrophy:0.4506; Endocrinology:0.4446; Blood pressure:0.152,Cardiovascular Function and Risk Factors:0.9999; Cardiac electrophysiology and arrhythmias:0.9989; Cardiomyopathy and Myosin Studies:0.9975,"Aged; Aged, 80 and over; Calcium; Echocardiography; Female; Heart Failure, Diastolic; Homeostasis; Humans; Male; Middle Aged; Myocytes, Cardiac",Humans
https://openalex.org/W3206353100,https://doi.org/10.1038/s41598-021-00216-7,34667218,Arginine metabolism and nitric oxide turnover in the ZSF1 animal model for heart failure with preserved ejection fraction,2021,"Endothelial dysfunction and altered nitric oxide (NO) metabolism are considered causal factors in heart failure with preserved ejection fraction (HFpEF). NO synthase activity depends on the availability of arginine and its derivatives. Thus, we analyzed arginine, associated metabolites, arginine-metabolizing enzymes and NO turnover in 20-week-old female healthy lean (L-ZSF1) and obese ZSF1 rats (O-ZSF1) with HFpEF. Serum, urine and lysates of liver, kidney and heart were analyzed. There were significantly lower lysine (- 28%), arginine (- 31%), homoarginine (- 72%) and nitrite (- 32%) levels in serum of O-ZSF1 rats. Ornithine (+ 60%) and citrulline (+ 20%) levels were higher. Similar results were found in the heart. Expression of arginine consuming enzymes in liver and kidney was unchanged. Instead, we observed a 5.8-fold higher arginase 1 expression, presumably of granulocyte origin, in serum and > fourfold increased cardiac macrophage invasion in O-ZSF1. We conclude that inflammatory cells in blood and heart consume arginine and probably homoarginine via arginase 1 and inducible NO synthase and release ornithine and citrulline. In combination with evidence for decreased NO turnover in O-ZSF1 rats, we assume lower arginine bioavailability to endothelial NO synthase.",1287,pubmed,188,Arginase:0.9071; Arginine:0.7925; Internal medicine:0.6949; Citrulline:0.6717; Endocrinology:0.6472; Ornithine:0.6166; Nitric oxide synthase:0.6047; Nitric oxide:0.5863; Kidney:0.4837; Heart failure:0.4742; Argininosuccinate synthase:0.4634; Asymmetric dimethylarginine:0.4193; Chemistry:0.3881; Biology:0.3293; Medicine:0.3031; Biochemistry:0.2541; Amino acid:0.2507,Nitric Oxide and Endothelin Effects:0.9999; Heart Failure Treatment and Management:0.9989; Cardiovascular Function and Risk Factors:0.9983,"Animals; Arginase; Arginine; Disease Models, Animal; Female; Heart; Heart Failure; Kidney; Male; Metabolic Syndrome; Myocardium; Nitric Oxide; Obesity; Rats; Stroke Volume; Thinness; Ventricular Function, Left",Rats
https://openalex.org/W4388976618,https://doi.org/10.1007/s10741-023-10371-w,37999821,Large animal models to study effectiveness of therapy devices in the treatment of heart failure with preserved ejection fraction (HFpEF),2023,"Our understanding of the complex pathophysiology of Heart failure with preserved ejection fraction (HFpEF) is limited by the lack of a robust in vivo model. Existing in-vivo models attempt to reproduce the four main phenotypes of HFpEF; ageing, obesity, diabetes mellitus and hypertension. To date, there is no in vivo model that represents all the haemodynamic characteristics of HFpEF, and only a few have proven to be reliable for the preclinical evaluation of potentially new therapeutic targets. HFpEF accounts for 50% of all the heart failure cases and its incidence is on the rise, posing a huge economic burden on the health system. Patients with HFpEF have limited therapeutic options available. The inadequate effectiveness of current pharmaceutical therapeutics for HFpEF has prompted the development of device-based treatments that target the hemodynamic changes to reduce the symptoms of HFpEF. However, despite the potential of device-based solutions to treat HFpEF, most of these therapies are still in the developmental stage and a relevant HFpEF in vivo model will surely expedite their development process. This review article outlines the major limitations of the current large in-vivo models in use while discussing how these designs have helped in the development of therapy devices for the treatment of HFpEF.",1331,pubmed,204,Heart failure with preserved ejection fraction:0.9145; Medicine:0.881; Heart failure:0.7853; Cardiology:0.4771; Intensive care medicine:0.4495; Internal medicine:0.4291; Ejection fraction:0.393,Cardiovascular Function and Risk Factors:0.9998; Heart Failure Treatment and Management:0.9996; Diabetes Treatment and Management:0.9946,"Animals; Humans; Heart Failure; Stroke Volume; Hypertension; Models, Animal; Diabetes Mellitus",Humans
https://openalex.org/W4290861649,https://doi.org/10.1152/ajpheart.00241.2022,35960633,A pacing-controlled protocol for frequency-diastolic relations distinguishes diastolic dysfunction specific to a mouse HFpEF model,2022,"Heart failure with preserved ejection fraction (HFpEF), characterized by diastolic dysfunction and insufficient exercise capacity, is a growing health problem worldwide. One major difficulty with experimental research on HFpEF is the lack of methods to consistently detect diastolic dysfunction in mouse models. We developed a pacing-controlled pressure-volume (PV) loop protocol for the assessment of diastolic function at different heart rates in mice and tested if the protocol could detect diastolic dysfunction specific to a HFpEF model. A HFpEF model was generated by high-fat diet (HFD) feeding with concomitant NG-nitro-l-arginine methyl ester administration, and a pressure-overload hypertrophy (PO) model was produced by surgical constriction of the transverse aorta (TAC). Heart rate (HR) was slowed below 400 beats/min by intraperitoneal injection of ivabradine. PV loop data were acquired and analyzed at HR incrementing from 400 to 700 beats/min via atrial pacing using a miniature pacing catheter inserted into the esophagus, and comparisons were made among control, HFpEF, and PO mice. At baseline without pacing, no diastolic abnormalities were detected in either PO or HFpEF models. Frequency-diastolic relations, however, revealed the significant diastolic impairment specific to the HFpEF model; both relaxation time constant (Tau) and end-diastolic pressure-volume relationship (EDPVR) were worsened as heart rate increased. Peak positive first derivative of left ventricular pressure (dP/dtmax) was significantly lower in HFpEF versus controls only at a high HR of 700 beats/min. A pacing-controlled protocol would be a feasible and potent method to detect diastolic dysfunction specific to a mouse HFpEF model.NEW & NOTEWORTHY We developed a pacing-controlled PV loop protocol for the assessment of diastolic function at different heart rates in mice, which is a feasible and potent method for the characterization of diastolic dysfunction in a murine HFpEF model whose diastolic dysfunction might be difficult to be detected under resting conditions without pacing.",2089,pubmed,299,Diastole:0.7694; Cardiology:0.7528; Internal medicine:0.7299; Medicine:0.7293; Heart failure with preserved ejection fraction:0.7228; Heart failure:0.6; Pulse pressure:0.4276; Blood pressure:0.3787,Cardiovascular Function and Risk Factors:0.9999; Cardiac electrophysiology and arrhythmias:0.9957; Cardiovascular Disease and Adiposity:0.992,"Animals; Diastole; Heart Failure; Heart Rate; Ivabradine; Mice; Stroke Volume; Ventricular Function, Left",Mice
https://openalex.org/W4399052594,https://doi.org/10.3389/fphar.2024.1364758,38860171,"Cardiac sympathetic overdrive, M2 macrophage activation and fibroblast heterogeneity are associated with cardiac remodeling in a chronic pressure overload rat model of HFpEF",2024,"Heart failure with preserved ejection fraction (HFpEF) is a multifaceted pathogenesis disease and the exact mechanisms driving HFpEF have not been completely elucidated. Pressure overload hypertrophy (POH) related fibroblasts and M2 macrophages in HFpEF myocardium have been recently identified and are now of great interest. Sympathetic overdrive has also been implicated in HFpEF. This study is designed to dynamically observe the potential roles of aforementioned mechanisms in pathological remodeling and cardiac dysfunction in chronic PO rats. Surgical constriction of the abdominal aorta was used for induction of HFpEF. Echocardiography, electrocardiogram, hemodynamic measurement, hematoxylin and eosin staining, Masson staining, immunohistochemistry and immunofluorescence were performed to assess the changes in heart dysfunction, cardiac remodeling and driving mechanisms at different time points (2, 18, 24 weeks). The PO induced HFpEF model was well established, which was confirmed by the persistent increase in carotid artery systolic and diastolic blood pressure, and left ventricle hypertrophy at the corresponding postoperative stage. Meanwhile, PO hypertrophy gradually developed into HFpEF, associated with QT and QTc intervals prolongation, normal systolic (EF was maintained at >50%) but impaired diastolic function (increasing LVEDP and LV -dP/dtmin, abnormal E/A ratio), increased myocytes size, and observed relatively slight inflammatory infiltration but robust reactive fibrosis. IHC staining further confirmed that macrophages (CD68) but not neutrophils (MPO) or T cells (CD3) accounted for a predominant proportion of infiltrating cells. Mechanistically, we found that the infiltrating macrophages in the heart expressed high levels of CD206 which was simultaneously adjacent to POH fibroblasts appeared to overexpression of α-SMA in PO rats at late stages. Interestingly, we distinguished two different POHF sub-populations during PO induced HFpEF development, according to non overlapping signals of α-SMA and PDGFRα/β proteins. Additionally, PO led to a pronounced exaggeration in sympathetic fibers at all time points. These findings suggest that the establishing model here begins with cardiac sympathetic overdrive, subsequently along with immune cells especially M2 macrophage accumulation and fibroblast heterogeneity at later stages is associated with the development of cardiac maladaptive remodeling and diastolic dysfunction thus further progression to HFpEF.",2500,pubmed,338,Medicine:0.7664; Pressure overload:0.7376; Internal medicine:0.7012; Heart failure:0.687; Cardiology:0.6675; Ventricle:0.6067; Heart failure with preserved ejection fraction:0.6032; Fibrosis:0.5803; Ventricular remodeling:0.5034; Muscle hypertrophy:0.4954; Diastole:0.4239; Hypertensive heart disease:0.421; Ejection fraction:0.4038; Blood pressure:0.4006; Cardiac hypertrophy:0.1221,Cardiovascular Function and Risk Factors:0.9996; Cardiac Fibrosis and Remodeling:0.9983; Heart Failure Treatment and Management:0.9938,,
https://openalex.org/W4307160441,https://doi.org/10.1161/circresaha.121.318988,36278398,SIRT6 Mitigates Heart Failure With Preserved Ejection Fraction in Diabetes,2022,"BACKGROUND: Heart failure with preserved ejection fraction (HFpEF) is a growing health problem without effective therapies. Epidemiological studies indicate that diabetes is a strong risk factor for HFpEF, and about 45% of patients with HFpEF are suffering from diabetes, yet the underlying mechanisms remain elusive. METHODS: Using a combination of echocardiography, hemodynamics, RNA-sequencing, molecular biology, in vitro and in vivo approaches, we investigated the roles of SIRT6 (sirtuin 6) in regulation of endothelial fatty acid (FA) transport and HFpEF in diabetes. RESULTS: We first observed that endothelial SIRT6 expression was markedly diminished in cardiac tissues from heart failure patients with diabetes. We then established an experimental mouse model of HFpEF in diabetes induced by a combination of the long-term high-fat diet feeding and a low-dose streptozocin challenge. We also generated a unique humanized SIRT6 transgenic mouse model, in which a single copy of human SIRT6 transgene was engineered at mouse Rosa26 locus and conditionally induced with the Cre-loxP technology. We found that genetically restoring endothelial SIRT6 expression in the diabetic mice ameliorated diastolic dysfunction concurrently with decreased cardiac lipid accumulation. SIRT6 gain- or loss-of-function studies showed that SIRT6 downregulated endothelial FA uptake. Mechanistically, SIRT6 suppressed endothelial expression of PPARγ through SIRT6-dependent deacetylation of histone H3 lysine 9 around PPARγ promoter region; and PPARγ reduction mediated SIRT6-dependent inhibition of endothelial FA uptake. Importantly, oral administration of small molecule SIRT6 activator MDL-800 to diabetic mice mitigated cardiac lipid accumulation and diastolic dysfunction. CONCLUSIONS: The impairment of endothelial SIRT6 expression links diabetes to HFpEF through the alteration of FA transport across the endothelial barrier. Genetic and pharmacological strategies that restored endothelial SIRT6 function in mice with diabetes alleviated experimental HFpEF by limiting FA uptake and improving cardiac metabolism, thus warranting further clinical evaluation.",2155,pubmed,290,SIRT6:0.6359; Heart failure:0.6128; Diabetes mellitus:0.594; Ejection fraction:0.5749; Internal medicine:0.5576; Endocrinology:0.5521; Medicine:0.5412; Endothelial dysfunction:0.5377; HDAC3:0.5165; Sirtuin:0.5042; Transgene:0.4784; Heart failure with preserved ejection fraction:0.4423; Endothelium:0.4215; Pharmacology:0.3615; Histone:0.2796; Biology:0.2609; Histone deacetylase:0.2571; Acetylation:0.1477; Biochemistry:0.1235; Gene:0.0644,Sirtuins and Resveratrol in Medicine:0.9649; Cardiovascular Function and Risk Factors:0.0081; Endoplasmic Reticulum Stress and Disease:0.0034,"Humans; Mice; Animals; Stroke Volume; Heart Failure; PPAR gamma; Diabetes Mellitus, Experimental; Disease Models, Animal; Sirtuins; Lipids; Benzoates; Sulfur Compounds",Humans; Mice
https://openalex.org/W3213103095,https://doi.org/10.1152/japplphysiol.00170.2021,34792407,Skeletal myopathy in a rat model of postmenopausal heart failure with preserved ejection fraction,2021,"Heart failure with preserved ejection fraction (HFpEF) accounts for ∼50% of all patients with heart failure and frequently affects postmenopausal women. The HFpEF condition is phenotype-specific, with skeletal myopathy that is crucial for disease development and progression. However, most of the current preclinical models of HFpEF have not addressed the postmenopausal phenotype. We sought to advance a rodent model of postmenopausal HFpEF and examine skeletal muscle abnormalities therein. Female, ovariectomized, spontaneously hypertensive rats (SHRs) were fed a high-fat, high-sucrose diet to induce HFpEF. Controls were female sham-operated Wistar-Kyoto rats on a lean diet. In a complementary, longer-term cohort, controls were female sham-operated SHRs on a lean diet to evaluate the effect of strain difference in the model. Our model developed key features of HFpEF that included increased body weight, glucose intolerance, hypertension, cardiac hypertrophy, diastolic dysfunction, exercise intolerance, and elevated plasma cytokines. In limb skeletal muscle, HFpEF decreased specific force by 15%-30% (P < 0.05) and maximal mitochondrial respiration by 40%-55% (P < 0.05), increased oxidized glutathione by approximately twofold (P < 0.05), and tended to increase mitochondrial H2O2 emission (P = 0.10). Muscle fiber cross-sectional area, markers of mitochondrial content, and indices of capillarity were not different between control and HFpEF in our short-term cohort. Overall, our preclinical model of postmenopausal HFpEF recapitulates several key features of the disease. This new model reveals contractile and mitochondrial dysfunction and redox imbalance that are potential contributors to abnormal metabolism, exercise intolerance, and diminished quality of life in patients with postmenopausal HFpEF.NEW & NOTEWORTHY Heart failure with preserved ejection fraction (HFpEF) is a condition with phenotype-specific features highly prevalent in postmenopausal women and skeletal myopathy contributing to disease development and progression. We advanced a rat model of postmenopausal HFpEF with key cardiovascular and systemic features of the disease. Our study shows that the skeletal myopathy of postmenopausal HFpEF includes loss of limb muscle-specific force independent of atrophy, mitochondrial dysfunction, and oxidized shift in redox balance.",2364,pubmed,323,Exercise intolerance:0.859; Heart failure with preserved ejection fraction:0.8486; Internal medicine:0.7714; Medicine:0.7481; Heart failure:0.6657; Endocrinology:0.6358; Cardiology:0.5569; Muscle hypertrophy:0.5315; Skeletal muscle:0.5245; Myopathy:0.5028; Ejection fraction:0.4678; Diastole:0.4435; Blood pressure:0.2015,Nutrition and Health in Aging:0.9987; Cardiovascular Function and Risk Factors:0.9975; Muscle Physiology and Disorders:0.9929,"Animals; Female; Heart Failure; Humans; Hydrogen Peroxide; Muscular Diseases; Postmenopause; Quality of Life; Rats; Rats, Inbred WKY; Stroke Volume","Humans; Rats; Rats, Inbred WKY"
https://openalex.org/W2274562896,https://doi.org/10.1161/circulationaha.115.018935,26813102,SIRT3–AMP-Activated Protein Kinase Activation by Nitrite and Metformin Improves Hyperglycemia and Normalizes Pulmonary Hypertension Associated With Heart Failure With Preserved Ejection Fraction,2016,"BACKGROUND: Pulmonary hypertension associated with heart failure with preserved ejection fraction (PH-HFpEF) is an increasingly recognized clinical complication of metabolic syndrome. No adequate animal model of PH-HFpEF is available, and no effective therapies have been identified to date. A recent study suggested that dietary nitrate improves insulin resistance in endothelial nitric oxide synthase null mice, and multiple studies have reported that both nitrate and its active metabolite, nitrite, have therapeutic activity in preclinical models of pulmonary hypertension. METHODS AND RESULTS: To evaluate the efficacy and mechanism of nitrite in metabolic syndrome associated with PH-HFpEF, we developed a 2-hit PH-HFpEF model in rats with multiple features of metabolic syndrome attributable to double-leptin receptor defect (obese ZSF1) with the combined treatment of vascular endothelial growth factor receptor blocker SU5416. Chronic oral nitrite treatment improved hyperglycemia in obese ZSF1 rats by a process that requires skeletal muscle SIRT3-AMPK-GLUT4 signaling. The glucose-lowering effect of nitrite was abolished in SIRT3-deficient human skeletal muscle cells, and in SIRT3 knockout mice fed a high-fat diet, as well. Skeletal muscle biopsies from humans with metabolic syndrome after 12 weeks of oral sodium nitrite and nitrate treatment (IND#115926) displayed increased activation of SIRT3 and AMP-activated protein kinase. Finally, early treatments with nitrite and metformin at the time of SU5416 injection reduced pulmonary pressures and vascular remodeling in the PH-HFpEF model with robust activation of skeletal muscle SIRT3 and AMP-activated protein kinase. CONCLUSIONS: These studies validate a rodent model of metabolic syndrome and PH-HFpEF, suggesting a potential role of nitrite and metformin as a preventative treatment for this disease.",1872,pubmed,259,Medicine:0.8205; Heart failure with preserved ejection fraction:0.7506; Internal medicine:0.7312; Metformin:0.6635; AMPK:0.6511; Endocrinology:0.6505; Heart failure:0.5824; SIRT3:0.5765; AMP-activated protein kinase:0.549; Pulmonary hypertension:0.5367; Metabolic syndrome:0.4813; Skeletal muscle:0.4805; Insulin resistance:0.437; Protein kinase A:0.3606; Pharmacology:0.3404; Ejection fraction:0.2656; Diabetes mellitus:0.2097; Sirtuin:0.1925; Insulin:0.1571; Kinase:0.1367; Biochemistry:0.096; Chemistry:0.0898; Acetylation:0; Gene:0,Nitric Oxide and Endothelin Effects:0.3299; Cardiovascular Function and Risk Factors:0.2103; Sirtuins and Resveratrol in Medicine:0.1912,"AMP-Activated Protein Kinases; Animals; Cells, Cultured; Enzyme Activation; Heart Failure; Humans; Hyperglycemia; Hypertension, Pulmonary; Male; Metformin; Mice; Mice, 129 Strain; Mice, Knockout; Muscle, Skeletal; Rats; Rats, Zucker; Sirtuin 3; Sodium Nitrite; Stroke Volume","Humans; Mice; Mice, 129 Strain; Mice, Knockout; Rats; Rats, Zucker"
https://openalex.org/W4399661162,https://doi.org/10.1159/000539305,38880090,RNA Sequencing Screens the Key Genes and Pathways in a Mouse Model of HFpEF,2024,"INTRODUCTION: Heart failure with preserved ejection fraction (HFpEF) is a common syndrome with high morbidity and mortality but without available evidence-based therapies. It is essential to investigate changes in gene expression profiles in preclinical HFpEF animal models, with the aim of searching for novel therapeutic targets. METHODS: Wild-type male C57BL/6J mice were administrated with a combination of high-fat diet (HFD) and inhibition of constitutive nitric oxide synthase using N-nitro-<sc>l</sc>-arginine methyl ester (<sc>l</sc>-NAME) for 5 and 7 weeks. RNA sequencing was conducted to detect gene expression profiles, and bioinformatic analysis was performed to identify the core genes, pathways, and biological processes involved. RESULTS: A total of 1,347 genes were differentially expressed in the heart at week 5 and 7 post-intervention. Gene Ontology enrichment analysis indicated that these greatly changed genes were involved mainly in cell adhesion, neutrophil chemotaxis, cell communication, and other functions. Using hierarchical cluster analysis, these differentially expressed genes were classified into 16 profiles. Of these, three significant profiles were ultimately identified. Gene co-expression network analysis suggested troponin T type 1 (Tnnt1) directly regulated 31 neighboring genes and was considered to be at the core of the associated gene network. CONCLUSION: The combined application of RNA sequencing, hierarchical cluster analysis, and gene network analysis identified Tnnt1 as the most important gene in the development of HFpEF.",1576,pubmed,217,Gene:0.5758; Gene expression:0.4906; Biology:0.4642; Transcriptome:0.4601; Molecular biology:0.3994; Genetics:0.2142,Cardiac Fibrosis and Remodeling:0.618; Cardiovascular Function and Risk Factors:0.1218; Congenital heart defects research:0.0386,"Animals; Male; Mice, Inbred C57BL; Disease Models, Animal; Heart Failure; Transcriptome; Stroke Volume; Ventricular Function, Left; Gene Regulatory Networks; Gene Expression Profiling; RNA-Seq; Signal Transduction; Diet, High-Fat; Gene Expression Regulation; NG-Nitroarginine Methyl Ester; Troponin T; Myocardium; Phenotype; Mice","Mice, Inbred C57BL; Mice"
https://openalex.org/W4390618526,https://doi.org/10.1152/ajpheart.00733.2023,38180450,Impact of ovary-intact menopause in a mouse model of heart failure with preserved ejection fraction,2024,"Heart failure with preserved ejection fraction (HFpEF) afflicts over half of all patients with heart failure and is a debilitating and fatal syndrome affecting postmenopausal women more than any other demographic. This bias toward older females calls into question the significance of menopause in the development of HFpEF, but this question has not been probed in detail. In this study, we report the first investigation into the impact of ovary-intact menopause in the context of HFpEF. To replicate the human condition as faithfully as possible, vinylcyclohexene dioxide (VCD) was used to accelerate ovarian failure (AOF) in female mice while leaving the ovaries intact. HFpEF was established with a mouse model that involves two stressors typical in humans: a high-fat diet and hypertension induced from the nitric oxide synthase inhibitor NG-nitro-l-arginine methyl ester (l-NAME). In young female mice, AOF or HFpEF-associated stressors independently induced abnormal myocardial strain indicative of early subclinical systolic and diastolic cardiac dysfunction. HFpEF but not AOF was associated with elevations in systolic blood pressure. Increased myocyte size and reduced myocardial microvascular density were not observed in any group. Also, a broad panel of measurements that included echocardiography, invasive pressure measurements, histology, and serum hormones revealed no interaction between AOF and HFpEF. Interestingly, AOF did evoke a higher density of infiltrating cardiac immune cells in both healthy and HFpEF mice, suggestive of proinflammatory effects. In contrast to young mice, middle-aged ""old"" mice did not exhibit cardiac dysfunction from estrogen deprivation alone or from HFpEF-related stressors.NEW & NOTEWORTHY This is the first preclinical study to examine the impact of ovary-intact menopause [accelerated ovarian failure (AOF)] on HFpEF. Echocardiography of young female mice revealed early evidence of diastolic and systolic cardiac dysfunction apparent only on strain imaging in HFpEF only, AOF only, or the combination. Surprisingly, AOF did not exacerbate the HFpEF phenotype. Results in middle-aged ""old"" females also showed no interaction between HFpEF and AOF and, importantly, no cardiovascular impact from HFpEF or AOF.",2263,pubmed,325,Internal medicine:0.7287; Heart failure with preserved ejection fraction:0.7194; Medicine:0.7024; Heart failure:0.6763; Menopause:0.6583; Diastole:0.5792; Cardiology:0.5781; Context (archaeology):0.5757; Endocrinology:0.5533; Ejection fraction:0.5242; Blood pressure:0.5141; Pressure overload:0.5135; Biology:0.1132; Paleontology:0; Cardiac hypertrophy:0,Hormonal Regulation and Hypertension:0.9794; Nitric Oxide and Endothelin Effects:0.9656; Cardiovascular Function and Risk Factors:0.938,Humans; Middle Aged; Female; Mice; Animals; Heart Failure; Ovary; Stroke Volume; Heart Diseases; Cardiomyopathies; Menopause,Humans; Mice
https://openalex.org/W2934128456,https://doi.org/10.4314/tjpr.v17i12.17,,Effect of Shensong Yangxin on heart failure in preserved ejection fraction rat model,2019,"Purpose: To investigate the interventional effect of ShensongYangxin (SSYX) on heart failure (HF) using preserved ejection fraction (HFpEF) rat model.Methods: HFpEF rat model was established using abdominal aorta coarctation method and randomly divided into a positive drug control group; SSYX at high, medium, and low dosage groups; and normal control group. After 8 weeks oral treatment of SSYX, echocardiography and cardiac catheterization were used to investigate the effects of SSYX on HFpEF rat cardiac functions, including mean heart rate (HR), left ventricle anterior and posterior wall thicknesses at end diastole (LVAWd + LVPWd), left ventricular internal diameter at end diastole (LVIDd), and left ventricle mass (LVM).Results: SSYX markedly decreased heart weight and improved survival rate (p &lt; 0.01) after 12 weeks of treatment. The expression of NT-proBNP decreased in a dose-dependent manner and was significantly lower in SSYX treatment groups (p &lt; 0.01). Compared with normal control group, expression of CaMK II, PKA and RyR2 was significantly lower (p &lt; 0.005), while expression level of SERCA2a significantly increased after 4 g/kg/day SSYX treatment (p &lt; 0.01).Conclusion: SSYX significantly attenuates HFpEF-induced cardiac dysfunction and increases survival rate, suggesting that SSYX may prevent HF via regulation of cytoplasmic Ca2+ handling. SSYX reduces plasma NT-proBNP levels, lending support for its therapeutic potential in HF management.Keywords: Heart failure, Ejection fraction, ShensongYangxin",1541,openalex,217,Ventricle:0.847; Ejection fraction:0.8099; Medicine:0.7833; Internal medicine:0.7595; Heart failure:0.7313; Cardiology:0.7256; Diastole:0.6222; Heart failure with preserved ejection fraction:0.579; Stroke volume:0.4624; Blood pressure:0.0965,Traditional Chinese Medicine Analysis:0.8665; Healthcare and Venom Research:0.8394; Medicinal Plants and Bioactive Compounds:0.8274,,
https://openalex.org/W4401950309,https://doi.org/10.1038/s41569-024-01067-1,39198624,Pathophysiological insights into HFpEF from studies of human cardiac tissue,2024,"Heart failure with preserved ejection fraction (HFpEF) is a major, worldwide health-care problem. Few therapies for HFpEF exist because the pathophysiology of this condition is poorly defined and, increasingly, postulated to be diverse. Although perturbations in other organs contribute to the clinical profile in HFpEF, altered cardiac structure, function or both are the primary causes of this heart failure syndrome. Therefore, studying myocardial tissue is fundamental to improve pathophysiological insights and therapeutic discovery in HFpEF. Most studies of myocardial changes in HFpEF have relied on cardiac tissue from animal models without (or with limited) confirmatory studies in human cardiac tissue. Animal models of HFpEF have evolved based on theoretical HFpEF aetiologies, but these models might not reflect the complex pathophysiology of human HFpEF. The focus of this Review is the pathophysiological insights gained from studies of human HFpEF myocardium. We outline the rationale for these studies, the challenges and opportunities in obtaining myocardial tissue from patients with HFpEF and relevant comparator groups, the analytical approaches, the pathophysiological insights gained to date and the remaining knowledge gaps. Our objective is to provide a roadmap for future studies of cardiac tissue from diverse cohorts of patients with HFpEF, coupling discovery biology with measures to account for pathophysiological diversity.",1453,pubmed,206,Medicine:0.9158; Pathophysiology:0.5529; Cardiology:0.521; Internal medicine:0.4581; Intensive care medicine:0.3201,Cardiovascular Function and Risk Factors:0.9997; Cardiac Imaging and Diagnostics:0.9957; Cardiac Valve Diseases and Treatments:0.9949,"Humans; Heart Failure; Stroke Volume; Myocardium; Animals; Ventricular Function, Left; Disease Models, Animal",Humans
https://openalex.org/W4211160324,https://doi.org/10.1016/j.bpj.2021.11.1293,,Microtubule detyrosination contributes to mechanical dysfunction in a rat model of HFpEF,2022,,0,,0,Microtubule:0.6007; Internal medicine:0.3567; Cardiology:0.356; Biophysics:0.3317; Neuroscience:0.3225; Chemistry:0.3214; Cell biology:0.3197; Biology:0.2609; Medicine:0.2605,Cardiovascular Function and Risk Factors:0.9981; Cardiomyopathy and Myosin Studies:0.9754; Advanced MRI Techniques and Applications:0.9618,,
https://openalex.org/W2995688126,https://doi.org/10.1038/s12276-019-0323-2,31857581,Heart failure with preserved ejection fraction: present status and future directions,2019,"The clinical importance of heart failure with preserved ejection fraction (HFpEF) has recently become apparent. HFpEF refers to heart failure (HF) symptoms with normal or near-normal cardiac function on echocardiography. Common clinical features of HFpEF include diastolic dysfunction, reduced compliance, and ventricular hypokinesia. HFpEF differs from the better-known HF with reduced ejection fraction (HFrEF). Despite having a ""preserved ejection fraction,"" patients with HFpEF have symptoms such as shortness of breath, excessive tiredness, and limited exercise capability. Furthermore, the mortality rate and cumulative survival rate are as severe in HFpEF as they are in HFrEF. While beta-blockers and renin-angiotensin-aldosterone system modulators can improve the survival rate in HFrEF, no known therapeutic agents show similar effectiveness in HFpEF. Researchers have examined molecular events in the development of HFpEF using small and middle-sized animal models. This review discusses HFpEF with regard to etiology and clinical features and introduces the use of mouse and other animal models of human HFpEF.",1122,pubmed,156,Cardiology:0.8152; Heart failure with preserved ejection fraction:0.7923; Medicine:0.7853; Internal medicine:0.7796; Hypokinesia:0.7528; Heart failure:0.7522; Ejection fraction:0.73; Stroke volume:0.5249; Diastole:0.5193; Blood pressure:0.2125,Cardiovascular Function and Risk Factors:0.9998; Heart Failure Treatment and Management:0.9997; Cardiac electrophysiology and arrhythmias:0.9943,"Adrenergic beta-Antagonists; Animals; Heart Failure; Humans; Renin-Angiotensin System; Translational Research, Biomedical",Humans
https://openalex.org/W3186630058,https://doi.org/10.1177/10742484211034253,34328815,Chronic Sildenafil Therapy in the ZSF1 Obese Rat Model of Metabolic Syndrome and Heart Failure With Preserved Ejection Fraction,2021,"Although decreased protein kinase G (PKG) activity was proposed as potential therapeutic target in heart failure with preserved ejection fraction (HFpEF), randomized clinical trials (RCTs) with type-5 phosphodiesterase inhibitors (PDE5i) showed neutral results. Whether specific subgroups of HFpEF patients may benefit from PDE5i remains to be defined. Our aim was to test chronic sildenafil therapy in the young male ZSF1 obese rat model of HFpEF with severe hypertension and metabolic syndrome. Sixteen-week-old ZSF1 obese rats were randomly assigned to receive sildenafil 100 mg·Kg-1·d-1 dissolved in drinking water (ZSF1 Ob SIL, n = 8), or placebo (ZSF1 Ob PL, n = 8). A group of Wistar-Kyoto rats served as control (WKY, n = 8). Four weeks later animals underwent effort tests, glucose metabolism studies, hemodynamic evaluation, and samples were collected for aortic ring preparation, left ventricular (LV) myocardial adenosine triphosphate (ATP) quantification, immunoblotting and histology. ZSF1 Ob PL rats showed systemic hypertension, aortic stiffening, impaired LV relaxation and increased LV stiffness, with preserved ejection fraction and cardiac index. Their endurance capacity was decreased as assessed by maximum workload and peak oxygen consumption (V˙O2) and respiratory quotient were increased, denoting more reliance on anaerobic metabolism. Additionally, ATP levels were decreased. Chronic sildenafil treatment attenuated hypertension and decreased LV stiffness, modestly enhancing effort tolerance with a concomitant increase in peak, ATP levels and VASP phosphorylation. Chronic sildenafil therapy in this model of HFpEF of the young male with extensive and poorly controlled comorbidities has beneficial cardiovascular effects which support RCTs in HFpEF patient subgroups with similar features.",1819,pubmed,254,Medicine:0.9147; Sildenafil:0.8354; Heart failure with preserved ejection fraction:0.8026; Ejection fraction:0.7413; Internal medicine:0.711; Heart failure:0.7055; Cardiology:0.6418; cGMP-specific phosphodiesterase type 5:0.4487; Endocrinology:0.4436; Diastole:0.425; Placebo:0.4202; Blood pressure:0.1645; Pathology:0.1022; Alternative medicine:0,Heart Failure Treatment and Management:0.9986; Cardiac pacing and defibrillation studies:0.9972; Cardiovascular Function and Risk Factors:0.9935,"Animals; Glucose Tolerance Test; Heart; Heart Failure; Male; Metabolic Syndrome; Obesity; Rats; Rats, Inbred WKY; Sildenafil Citrate; Stroke Volume; Vasodilator Agents","Rats; Rats, Inbred WKY"
https://openalex.org/W4281799836,https://doi.org/10.1161/circresaha.122.320246,35679365,Large and Small Animal Models of Heart Failure With Reduced Ejection Fraction,2022,"Heart failure (HF) describes a heterogenous complex spectrum of pathological conditions that results in structural and functional remodeling leading to subsequent impairment of cardiac function, including either systolic dysfunction, diastolic dysfunction, or both. Several factors chronically lead to HF, including cardiac volume and pressure overload that may result from hypertension, valvular lesions, acute, or chronic ischemic injuries. Major forms of HF include hypertrophic, dilated, and restrictive cardiomyopathy. The severity of cardiomyopathy can be impacted by other comorbidities such as diabetes or obesity and external stress factors. Age is another major contributor, and the number of patients with HF is rising worldwide in part due to an increase in the aged population. HF can occur with reduced ejection fraction (HF with reduced ejection fraction), that is, the overall cardiac function is compromised, and typically the left ventricular ejection fraction is lower than 40%. In some cases of HF, the ejection fraction is preserved (HF with preserved ejection fraction). Animal models play a critical role in facilitating the understanding of molecular mechanisms of how hearts fail. This review aims to summarize and describe the strengths, limitations, and outcomes of both small and large animal models of HF with reduced ejection fraction that are currently used in basic and translational research. The driving defect is a failure of the heart to adequately supply the tissues with blood due to impaired filling or pumping. An accurate model of HF with reduced ejection fraction would encompass the symptoms (fatigue, dyspnea, exercise intolerance, and edema) along with the pathology (collagen fibrosis, ventricular hypertrophy) and ultimately exhibit a decrease in cardiac output. Although countless experimental studies have been published, no model completely recapitulates the full human disease. Therefore, it is critical to evaluate the strength and weakness of each animal model to allow better selection of what animal models to use to address the scientific question proposed.",2113,pubmed,310,Ejection fraction:0.9195; Cardiology:0.8077; Heart failure:0.8068; Internal medicine:0.7356; Medicine:0.7254; Cardiomyopathy:0.4732; Population:0.4672; Stroke volume:0.4555; Environmental health:0,Cardiac Ischemia and Reperfusion:0.9964; Cardiovascular Function and Risk Factors:0.9952; Cardiac Fibrosis and Remodeling:0.9951,"Aged; Animals; Cardiomyopathies; Heart Failure; Humans; Models, Animal; Stroke Volume; Ventricular Dysfunction, Left; Ventricular Function, Left",Humans
https://openalex.org/W4385310086,https://doi.org/10.1016/j.jacbts.2023.05.012,38094687,The Cardioprotective Effects of Semaglutide Exceed Those of Dietary Weight Loss in Mice With HFpEF,2023,"Obesity-related heart failure with preserved ejection fraction (HFpEF) has become a well-recognized HFpEF subphenotype. Targeting the unfavorable cardiometabolic profile may represent a rational treatment strategy. This study investigated semaglutide, a glucagon-like peptide-1 receptor agonist that induces significant weight loss in patients with obesity and/or type 2 diabetes mellitus and has been associated with improved cardiovascular outcomes. In a mouse model of HFpEF that was caused by advanced aging, female sex, obesity, and type 2 diabetes mellitus, semaglutide, compared with weight loss induced by pair feeding, improved the cardiometabolic profile, cardiac structure, and cardiac function. Mechanistically, transcriptomic, and proteomic analyses revealed that semaglutide improved left ventricular cytoskeleton function and endothelial function and restores protective immune responses in visceral adipose tissue. Strikingly, treatment with semaglutide induced a wide array of favorable cardiometabolic effects beyond the effect of weight loss by pair feeding. Glucagon-like peptide-1 receptor agonists may therefore represent an important novel therapeutic option for treatment of HFpEF, especially when obesity-related.",1238,pubmed,159,Semaglutide:0.9654; Medicine:0.7584; Weight loss:0.614; Internal medicine:0.6063; Heart failure with preserved ejection fraction:0.5912; Heart failure:0.5815; Cardiac function curve:0.4944; Endocrinology:0.4753; Type 2 diabetes:0.4712; Exenatide:0.468; Agonist:0.4572; Adipose tissue:0.4462; Diabetes mellitus:0.4425; Cardiology:0.4281; Obesity:0.4078; Ejection fraction:0.4042; Receptor:0.3617; Liraglutide:0.0659,"Diabetes Treatment and Management:1.0; Metabolism, Diabetes, and Cancer:0.9936; Cardiovascular Function and Risk Factors:0.9913",,
https://openalex.org/W4400729511,https://doi.org/10.1113/jp286410,39018163,Distinguishing pathophysiological features of heart failure with reduced and preserved ejection fraction: A comparative analysis of two mouse models,2024,"Heart failure (HF) is a heterogeneous condition that can be categorized according to the left ventricular ejection fraction (EF) into HF with reduced (HFrEF) or preserved (HFpEF) EF. Although HFrEF and HFpEF share some common clinical manifestations, the mechanisms underlying each phenotype are often found to be distinct. Identifying shared and divergent pathophysiological features might expand our insights on HF pathophysiology and assist the search for therapies for each HF subtype. In this study, we evaluated and contrasted two new murine models of non-ischaemic HFrEF and cardiometabolic HFpEF in terms of myocardial structure, left ventricular function, gene expression, cardiomyocyte calcium handling, mitochondrial polarization and protein acetylation in a head-to-head fashion. We found that in conditions of similar haemodynamic stress, the HFrEF myocardium underwent a more pronounced hypertrophic and fibrotic remodelling, whereas inflammation was greater in the HFpEF myocardium. We observed opposing features on calcium release, which was diminished in the HFrEF cardiomyocyte but enhanced in the HFpEF cardiomyocyte. Mitochondria were less polarized in both HFrEF and HFpEF cardiomyocytes, reflecting similarly impaired metabolic capacity. Hyperacetylation of cardiac proteins was observed in both models, but it was more accentuated in the HFpEF heart. Despite shared features, unique triggering mechanisms (neurohormonal overactivation in HFrEF vs. inflammation in HFpEF) appear to determine the distinct phenotypes of HF. The findings of the present research stress the need for further exploration of the differential mechanisms underlying each HF subtype, because they might require specific therapeutic interventions. KEY POINTS: The mechanisms underlying heart failure with either reduced (HFrEF) or preserved (HFpEF) ejection fraction are often found to be different. Previous studies comparing pathophysiological traits between HFrEF and HFpEF have been conducted on animals of different ages and strains. The present research contrasted two age-matched mouse models of non-ischaemic HFrEF and cardiometabolic HFpEF to uncover divergent and shared features. We found that upon similar haemodynamic stress, the HFrEF heart experienced a more pronounced hypertrophic and fibrotic remodelling, whereas inflammation appeared to be greater in the HFpEF myocardium. Calcium release was diminished in the HFrEF cardiomyocyte and enhanced in the HFpEF cardiomyocyte. Mitochondria were comparably less polarized in both HFrEF and HFpEF myocytes. Hyperacetylation of proteins was common to both models, but stronger in the HFpEF heart. Casting light on common and distinguishing features might ease the quest for phenotype-specific therapies for heart failure patients.",2788,pubmed,386,Heart failure:0.668; Pathophysiology:0.6366; Ejection fraction:0.6301; Cardiology:0.4961; Internal medicine:0.453; Fraction (chemistry):0.4514; Medicine:0.3402; Computational biology:0.335; Biology:0.2957; Chemistry:0.2876; Chromatography:0.098,Cardiovascular Function and Risk Factors:0.9997; Heart Failure Treatment and Management:0.9994; Cardiac electrophysiology and arrhythmias:0.994,"Animals; Heart Failure; Myocytes, Cardiac; Stroke Volume; Disease Models, Animal; Mice; Male; Mice, Inbred C57BL; Calcium","Mice; Mice, Inbred C57BL"
https://openalex.org/W2179329349,https://doi.org/10.1124/jpet.115.228841,26585572,Dual A1/A2B Receptor Blockade Improves Cardiac and Renal Outcomes in a Rat Model of Heart Failure with Preserved Ejection Fraction,2016,"Heart failure with preserved ejection fraction (HFpEF) is prevalent and often accompanied by metabolic syndrome. Current treatment options are limited. Here, we test the hypothesis that combined A1/A2B adenosine receptor blockade is beneficial in obese ZSF1 rats, an animal model of HFpEF with metabolic syndrome. The combined A1/A2B receptor antagonist 3-[4-(2,6-dioxo-1,3-dipropyl-7H-purin-8-yl)-1-bicyclo[2.2.2]octanyl]propanoic acid (BG9928) was administered orally (10 mg/kg/day) to obese ZSF1 rats (n = 10) for 24 weeks (from 20 to 44 weeks of age). Untreated ZSF1 rats (n = 9) served as controls. After 24 weeks of administration, BG9928 significantly lowered plasma triglycerides (in mg/dl: control group, 4351 ± 550; BG9928 group, 2900 ± 551) without adversely affecting plasma cholesterol or activating renin release. BG9928 significantly decreased 24-hour urinary glucose excretion (in mg/kg/day: control group, 823 ± 179; BG9928 group, 196 ± 80) and improved oral glucose tolerance, polydipsia, and polyuria. BG9928 significantly augmented left ventricular diastolic function in association with a reduction in cardiac vasculitis and cardiac necrosis. BG9928 significantly reduced 24-hour urinary protein excretion (in mg/kg/day: control group, 1702 ± 263; BG9928 group, 1076 ± 238), and this was associated with a reduction in focal segmental glomerulosclerosis, tubular atrophy, tubular dilation, and deposition of proteinaceous material in the tubules. These findings show that, in a model of HFpEF with metabolic syndrome, A1/A2B receptor inhibition improves hyperlipidemia, exerts antidiabetic actions, reduces HFpEF, improves cardiac histopathology, and affords renal protection. We conclude that chronic administration of combined A1/A2B receptor antagonists could be beneficial in patients with HFpEF, in particular those with comorbidities such as obesity, diabetes, and dyslipidemias.",1906,pubmed,259,Internal medicine:0.764; Endocrinology:0.7299; Ejection fraction:0.6632; Medicine:0.5768; Heart failure:0.5203; Excretion:0.4565; Cardiac function curve:0.4562; Polyuria:0.4538; Blockade:0.4246; Receptor:0.3324; Diabetes mellitus:0.1458,Adenosine and Purinergic Signaling:0.9999; Heart Failure Treatment and Management:0.9988; Diabetes Treatment and Management:0.9959,"Adenosine A1 Receptor Antagonists; Adenosine A2 Receptor Antagonists; Animals; Heart Failure; Kidney; Male; Rats; Rats, Zucker; Receptor, Adenosine A1; Receptor, Adenosine A2B; Stroke Volume; Treatment Outcome; Xanthines","Rats; Rats, Zucker"
https://openalex.org/W2536803389,https://doi.org/10.1093/eurheartj/ehw461,27907892,The parallel tales of microvascular angina and heart failure with preserved ejection fraction: a paradigm shift,2016,"An increasing number of studies clearly demonstrate that coronary microvascular dysfunction (CMD) plays a pivotal role in several cardiovascular diseases.1 In particular, emerging evidence suggests that CMD is the main contributor to myocardial ischaemia in a large subset of patients with chronic stable angina. Indeed, non-obstructive coronary atherosclerosis is observed in up to 50% of patients with angina and positive stress test results undergoing diagnostic coronary angiography.2 Thus, the prevalence of microvascular angina (MVA) is higher than previously thought and associated with worse clinical outcomes than those observed in asymptomatic subjects with similar risk factor burden.3 The diagnosis of MVA is based on the following criteria: (i) symptoms of myocardial ischaemia; (ii) absence of obstructive epicardial coronary artery disease; (iii) evidence of myocardial ischaemia on non-invasive stress testing; and (iv) evidence of impaired coronary microvascular function. The clinical relevance of MVA has historically been overlooked since the diagnostic tools required for the evaluation of the coronary microcirculation are infrequently utilized. A parallel ‘tale’ could be proposed for heart failure (HF) with preserved ejection fraction (HFpEF). Indeed, HFpEF is observed in about 50% of patients presenting with HF symptoms and is characterized by the absence of a relevant reduction of left ventricular ejection fraction (LVEF).4 As with MVA, patients with HFpEF have poorer clinical outcomes compared with asymptomatic subjects exhibiting a similar burden of risk factors. The diagnosis of HFpEF is based on the following: (i) symptoms with or without signs of HF; (ii) normal or only mildy reduced LVEF; (iii) elevated levels of natriuretic peptides; (iv) relevant structural heart disease (i.e. left ventricular hypertrophy, left atrial enlargement) and/or diastolic dysfunction. In both MVA and HFpEF, no therapeutic intervention has hitherto been proven to improve patient outcome; similarly, symptomatic treatment is largely empirical. A key shared characteristic of both conditions is the high prevalence of post-menopausal women. This is widely held to be related to sex hormones such as oestrogen, although the molecular effects of oestrogen on endothelial cells, smooth muscle cells and myocytes are incompletely understood. Nevertheless, experimental studies and post-mortem and observational clinical studies suggest the presence of important differences in myocardial remodelling between females and males in response to different types of injures including aging, pressure and volume overload, and myocardial infarction.5 The figure summarizes the common soil hypothesis for microvascular angina (MVA) and heart failure with preserved ejection fraction (HFpEF). The common soil is represented by coronary microvascular dysfunction, which can be caused by traditional risk factors, chronic inflammation and aging while female sex is a predisposing factor. Coronary microvascular dysfunction is determined by a variable combination of endothelial dysfunction, vascular smooth muscle cell hyperreactivity, vascular remodelling, vascular fibrosis, vascular rarefaction, and increased extravascular pressure. Possible modulating factors have been suggested (see text), which may determine an effect in the direction of MVA (mainly characterized by angina and effort-induced ischemia) or, at the other extreme, of HFpEF (characterized by dyspnoea and echocardiographic alterations). Of note, microinfarcts per se can promote myocardial fibrosis leading to HFpEF. Legend: VSMCs = smooth muscle cells. Stereoarteriogram created by Dr William F.M. Fulton, M.D. Thesis (1960), University of Glasgow and provided with permission from Professor Colin Berry, University of Glasgow. Recent studies suggest that CMD might play a key role also in HFpEF. Indeed, endothelial activation/dysfunction reduces nitric oxide (NO) bioavailability, cyclic guanosine monophosphate content, and protein kinase G in adjacent cardiomyocytes.11 These changes are known to favour hypertrophy and fibrosis contributing to diastolic dysfunction. The importance of inflammation for the induction of cardiac fibrosis and vascular rarefaction has been convincingly demonstrated.12 In particular, transforming growth factor (TGF)-β is likely to play a major role in this setting, as suggested by the observation that disruption of TGF-signalling attenuates pressure overload-induced interstitial fibrosis in the heart.13 Furthermore, endothelial dysfunction contributes to cardiac fibrosis via the reduced bioavailability of NO, known to exert direct anti-fibrotic effects involving the cyclic guanosine monophosphate pathway.14 Finally, NO deprivation favours endothelial cell conversion to a mesenchymal cell type that can gives rise to fibroblasts.15 Thus, a cross-talk between the endothelium and the surrounding vascular tissue as well as the myocardium seems to play a key role in the pathogenesis of HFpEF. Obviously, hypertrophy and fibrosis not only can cause dyspnoea but they also contribute to angina as they are extravascular mechanisms of ischaemia.1 A critical question is why angina prevails at one end of the spectrum of clinical presentations while dyspnoea prevails at the other end in the presence of a ‘common soil’ nurturing the development of MVA and HFpEF or, by the same token, a continuum of disease. A first response to this intriguing question comes from a large body of evidence suggesting that patients with MVA have two important additional alterations contributing to their angina symptoms: (i) hyper-reactivity of smooth muscle cells to constrictor stimuli in coronary microvessels; (ii) enhanced perception of cardiac algogenic stimuli. Indeed, a large percentage of patients with MVA exhibit coronary microvascular spasm, angina and ST-segment depression following the intracoronary administration of acetylcholine (ACh).16 Of note, recent clinical evidence indicates that coronary microvascular spasm in patients with CMD can cause subtle contractile abnormalities, and can be associated with mild elevations of high-sensitivity cTn.17 Although still a working hypothesis at present, it is tempting to speculate that coronary ‘microvascular’ and ‘epicardial’ spasm have a similar origin. Indeed, we have convincing experimental and clinical evidence that enhanced Rho-kinase activity in vascular smooth muscle cells—not in endothelial cells—plays a major pathogenic role in this setting.18 In MVA, the presence of microvascular spasm helps explaining why a sizeable proportion of patients report predominantly angina at rest, or a combination of rest and effort-related angina. The importance of enhanced pain perception was initially proposed in 1988 by Shapiro et al. and subsequently confirmed by other investigators. Using positron emission tomography to measure changes in regional cerebral blood flow as an index of neuronal activity, Rosen et al. provided evidence that altered central neural handling of afferent signals may contribute to the abnormal pain perception in patients with MVA. More recently, Valeriani et al. demonstrated abnormal cortical pain processing in patients with MVA. This was characterized by inadequate habituation to pain which might be the main cause of enhanced cardiac pain perception and also account for the symptomatic improvement observed in these patients using tricyclics and adenosine antagonists like theophylline.19 It is worth noting that in MVA, reduced CFR, hyper-reactivity to constrictor stimuli, and enhanced pain perception, may combine differently in different patients thus accounting for the disappointing results of standard angina treatments in many of these patients.20 What about HFpEF? Which mechanisms in addition to endothelial dysfunction might explain a phenotype characterized by dyspnoea rather than chest pain? It is conceivable that circulating factors might modulate the effects of CMD favouring the production of fibrosis and development of LVH. In this setting, fibrocytes, circulating monocyte-derived cells with the tissue remodelling properties of fibroblasts, might play a modulatory role.21 Interestingly, in a murine model of cardiac remodelling in which fibrocytes are recruited to chronically injured myocardium, treatment of these animals with serum amyloid P decreased fibrocyte accumulation and the development of fibrosis.22 Albeit one of the main functions attributed to fibrocytes is extra-cellular matrix production, these cells may have other actions that are more typically associated with both macrophages and fibroblasts. Atrial natriuretic peptide (ANP) may be another modulatory factor. Indeed, recent findings suggest that ANP signalling results in phosphorylation of Smad proteins, thus blocking their nuclear translocation and binding to TGF-Smad responsive elements in the promoter regions of extra-cellular matrix genes.23 An additional potential mechanism, as suggested by Pepine et al, involves recurrent cycles of ischaemia-reperfusion that impair myocyte relaxation thereby producing diastolic dysfunction and HFpEF.24–26 In turn, the latter can trigger myocardial ischaemia by increasing intramyocardial tension, an important determinant of myocardial oxygen consumption. This vicious circle may explain why dyspnoea is a frequent symptom in MVA while on the other hand, angina is frequent in HFpEF. It may also explain why cTn is occasionally elevated in asymptomatic patients who will later go on to develop HFpEF, thus suggesting that subclinical ischaemia can directly contribute to the pathogenesis of HFpEF.27 This is confirmed by a very recent study showing a substantial reduction of CFR in patients with HFpEF.28 Interestingly, Rho-kinase inhibition, known to prevent epicardial and microvascular coronary spasm, ameliorates diastolic function in hypertensive rats.29 Attesting to the gradual and progressive nature of these mechanisms, patients exhibiting HFpEF tend to be older than those presenting with MVA. If the common soil hypothesis of MVA and HFpEF is correct, then a paradigm shift is required to incorporate CMD as both a common diagnostic and therapeutic target for these entities. These two conditions, MVA and HFpEF, have been identified and accepted by the scientific community only recently and rather reluctantly. This may be because they do not exhibit the classic anatomic features of ischaemic heart disease and HF, namely obstructive coronary stenoses and reduced LVEF, respectively, which are the targets of current therapeutic guidelines. It is nevertheless increasingly acknowledged by the medical community that MVA and HFpEF represent a substantial public health burden given their high prevalence and guarded prognosis. Thus, a first important challenge facing the scientific community is to devise strategies for the early diagnosis of CMD. The latter can be helped by the non-invasive assessment of CFR using transthoracic Doppler echocardiography, cardiac magnetic resonance or positron emission tomography. Furthermore, the demonstration of coronary microvascular spasm by intracoronary ACh, as well as the measurement of coronary blood flow and microvascular resistance during hyperaemia at the time of coronary angiography, may provide additional diagnostic information. A second challenge is the standardization of the diagnostic criteria for MVA and HFpEF. Efforts should be directed towards an accurate definition of these two conditions and this should be reflected in international guidelines. A third challenge is the identification of new biomarkers for the diagnosis and risk stratification of MVA and HFpEF. Recent studies suggest that among patients with MVA, a lower CFR is associated with worse clinical outcomes, and suitable biomarkers are needed for prospective studies in larger cohorts of patients30. In patients with HFpEF, serum levels of certain biomarkers, in particular natriuretic peptides and soluble ST2, appear to correlate with diastolic load and growing evidence suggests that such biomarkers may provide relevant diagnostic and prognostic information.31,32 Analogous considerations apply to recent techniques developed for the identification of interstitial myocardial fibrosis by cardiac magnetic resonance imaging. The identification of effective evidence-based treatments for these conditions is yet another challenge confronting contemporary cardiology. Current pharmacological agents used in angina pectoris and HF have largely been developed for the management of obstructive epicardial coronary artery disease and reduced left ventricular function, respectively. They are, however, generally ineffective in controlling symptoms in patients with MVA and HFpEF, and have little if any impact on prognosis. We herewith propose that CMD should be the main therapeutic target in both MVA and HFpEF. Given that the mechanisms of CMD are multiple, it is unlikely that one single treatment will be of benefit in all patients. This multiplicity of pathogenic mechanisms may explain why currently available pharmacological agents have hitherto failed to improve symptoms and outcomes in patients with either the MVA33 or HFpEF. In particular, angiotensin converting enzyme inhibitors, angiotensin receptor blockers and digoxin were not effective in reducing mortality in HFpEF. Similarly, β-blockers have not shown benefits, therapy with spironolactone showed improvement in diastolic function and hypertrophy but not clinical outcomes, sildenafil showed no improvement in exercise capacity, quality of life, or clinical status. Interestingly, the Prospective Comparison of Angiotensin Receptor Neprilysin Inhibitor with Angiotensin Receptor Blockers on Management of HFpEF (PARAMOUNT) trial showed favourable effects of angiotensin receptor neprilysin inhibitor on natriuretic peptides and left atrial volumes, and a phase III trial with this agent is ongoing.34 Indeed, previous trials have targeted the phenotype rather than the underlying mechanism of CMD, which can be different in different patient subsets exhibiting the same phenotype. Strategically, it may perhaps be more effective to target those specific mechanisms causing CMD and test these interventions in homogeneous subsets of patients. We may need to develop therapeutic strategies to tackle both the functional and structural abnormalities underlying CMD. If the prevailing mechanism is smooth muscle cell hyper-reactivity, then old and new vasodilators (e.g. Rho-kinase inhibitors) might reduce the ischemic burden. In the patient subset in which the prevailing mechanism is vascular remodelling, ACE-inhibitors have been proved to be effective, particularly in hypertensive patients. In those cases where the prevailing mechanism is myocardial fibrosis, aldosterone antagonists and phosphodiesterase-5 inhibitors may be of help, and in the patients in whom the prevailing mechanism is advanced coronary microvascular rarefaction, cell therapy might have to be considered. Undoubtedly, and despite all the necessary future developments outlined above, to address coronary risk factors both through the implementation of lifestyle changes and the use of drugs such as statins that have been shown to improve endothelial dysfunction continues to be crucial. In conclusion, we advocate action to develop appropriate diagnostic and therapeutic strategies for tackling these ‘new’ disease epidemics in the years to come. Conflict of interest: none declared.",15533,openalex,2185,Medicine:0.956; Cardiology:0.8552; Internal medicine:0.8057; Ejection fraction:0.7924; Asymptomatic:0.7112; Angina:0.6479; Heart failure:0.6349; Canadian Cardiovascular Society:0.568; Coronary artery disease:0.5605; Myocardial perfusion imaging:0.4193; Myocardial infarction:0.2645,Cardiac Imaging and Diagnostics:0.9999; Cardiovascular Function and Risk Factors:0.9995; Cardiac electrophysiology and arrhythmias:0.995,Age Factors; Heart Failure; Humans; Microvascular Angina; Risk Factors; Sex Factors; Stroke Volume,Humans
https://openalex.org/W4391885375,https://doi.org/10.1152/ajpheart.00462.2023,38363584,Cardiac reverse remodeling in a mouse model with many phenotypical features of heart failure with preserved ejection fraction: effects of modifying lifestyle,2024,"Multiple factors cause heart failure with preserved ejection fraction (HFpEF) and involve various systems. HFpEF prevalence is rapidly rising, and its prognosis remains poor after the first hospitalization. Adopting a more active lifestyle has been shown to provide beneficial clinical outcomes for patients with HFpEF. Using a two-hit HfpEF murine model, we studied cardiac reverse remodeling (RR) after stopping the causing stress and introducing voluntary exercise (VE). We checked in 2-mo-old male and female C57Bl6/J mice the heart's response to angiotensin II (ANG II; 1.5 mg/kg/day for 28 days) fed or not with a high-fat diet (HFD). Then, ANG II and/or the HFD were stopped, and VE was started for an additional 4 wk. ANG II and ANG II + HFD (metabolic-hypertensive stress, MHS) caused cardiac hypertrophy (CH) and myocardial fibrosis, left ventricular (LV) concentric remodeling, atrial enlargement, and reduced exercise capacity. HFD alone induced CH and LV concentric remodeling in female mice only. CH and LV concentric remodeling were reversed 4 wk after stopping ANG II, starting VE, and a low-fat diet. Left atrial enlargement and exercise capacity were improved but differed from controls. We performed bulk LV RNA sequencing and observed that MHS upregulated 58% of the differentially expressed genes (DEGs) compared with controls. In the RR group, compared with MHS animals, 60% of the DEGs were downregulated. In an HfpEF mouse model, we show that correcting hypertension, diet, and introducing exercise can lead to extensive cardiac reverse remodeling.NEW & NOTEWORTHY Using a two-hit murine model of heart failure with preserved ejection fraction (HfpEF), combining elevated blood pressure, obesity, and exercise intolerance in male and female animals, we showed that correction of hypertension, normalization of the diet, and introduction of voluntary exercise could help reverse the remodeling of the left ventricle and double exercise capacity. We also identify genes that escape normalization after myocardial recovery and differences between males' and females' responses to stress and recovery.",2121,pubmed,318,Ejection fraction:0.7587; Internal medicine:0.754; Heart failure:0.734; Ventricular remodeling:0.7219; Medicine:0.7168; Heart failure with preserved ejection fraction:0.6781; Cardiology:0.6737; Concentric hypertrophy:0.5197; Angiotensin II:0.5131; Fibrosis:0.5014; Muscle hypertrophy:0.4782; Endocrinology:0.4376; Diastole:0.3536; Blood pressure:0.1476,Cardiovascular Function and Risk Factors:0.9982; Cardiomyopathy and Myosin Studies:0.987; Cardiac Fibrosis and Remodeling:0.9831,"Humans; Male; Female; Mice; Animals; Heart Failure; Disease Models, Animal; Stroke Volume; Myocardium; Hypertension; Ventricular Remodeling; Ventricular Function, Left",Humans; Mice
https://openalex.org/W2310251639,https://doi.org/10.1016/j.jacbts.2016.01.003,27104217,Cardiosphere-Derived Cells Reverse Heart Failure With Preserved Ejection Fraction in Rats by Decreasing Fibrosis and Inflammation,2016,"BACKGROUND: The pathogenesis of HFpEF is unclear, but fibrosis, inflammation and hypertrophy have been put forth as likely contributors. CDCs are heart-derived cell products with anti-fibrotic and anti-inflammatory properties. OBJECTIVES: We questioned whether allogeneic rat CDCs might be able to decrease manifestations of HFpEF in hypertensive rats. METHODS: Starting at 7 weeks of age, Dahl salt-sensitive rats were fed a high-salt diet for 6-7 weeks and randomized to receive intracoronary CDCs or placebo. Dahl rats fed normal chow served as controls. RESULTS: High-salt rats developed hypertension, left ventricular (LV) hypertrophy and diastolic dysfunction, without impairment of ejection fraction. Four weeks after treatment, diastolic dysfunction resolved in CDC-treated rats but not in placebo. The improved LV relaxation was associated with lower LV end-diastolic pressure, decreased lung congestion and enhanced survival in CDC-treated rats. Histology and echocardiography revealed no decrease in cardiac hypertrophy after CDC treatment, consistent with the finding of sustained, equally-elevated blood pressure in CDC- and placebo-treated rats. Nevertheless, CDC treatment decreased LV fibrosis and inflammatory infiltrates. Serum inflammatory cytokines were likewise decreased after CDC treatment. Whole-transcriptome analysis revealed major HFpEF-related, CDC-reversed changes in numerous transcripts, including many involved in inflammation and/or fibrosis. CONCLUSION: CDCs normalized LV relaxation and LV diastolic pressure while improving survival in a rat model of HFpEF. The benefits of CDCs occurred despite persistent hypertension and cardiac hypertrophy. By selectively reversing inflammation and fibrosis, CDCs may be beneficial in the treatment of HFpEF.",1782,pubmed,237,Medicine:0.8394; Fibrosis:0.8063; Heart failure:0.6937; Ejection fraction:0.6665; Internal medicine:0.6645; Inflammation:0.6505; Cardiology:0.6504; Muscle hypertrophy:0.6462; Diastole:0.6198; Heart failure with preserved ejection fraction:0.5677; Cardiac fibrosis:0.543; Left ventricular hypertrophy:0.5427; Placebo:0.515; Blood pressure:0.4799; Myocardial fibrosis:0.4362; Endocrinology:0.373; Pathology:0.1922; Alternative medicine:0,Mesenchymal stem cell research:0.6421; Cardiac Fibrosis and Remodeling:0.2553; Tissue Engineering and Regenerative Medicine:0.0468,,
https://openalex.org/W1960037663,https://doi.org/10.1152/ajpheart.00542.2015,26342070,A porcine model of hypertensive cardiomyopathy: implications for heart failure with preserved ejection fraction,2015,"Heart failure with preserved ejection fraction (HFPEF) evolves with the accumulation of risk factors. Relevant animal models to identify potential therapeutic targets and to test novel therapies for HFPEF are missing. We induced hypertension and hyperlipidemia in landrace pigs (n = 8) by deoxycorticosteroneacetate (DOCA, 100 mg/kg, 90-day-release subcutaneous depot) and a Western diet (WD) containing high amounts of salt, fat, cholesterol, and sugar for 12 wk. Compared with weight-matched controls (n = 8), DOCA/WD-treated pigs showed left ventricular (LV) concentric hypertrophy and left atrial dilatation in the absence of significant changes in LV ejection fraction or symptoms of heart failure at rest. The LV end-diastolic pressure-volume relationship was markedly shifted leftward. During simultaneous right atrial pacing and dobutamine infusion, cardiac output reserve and LV peak inflow velocities were lower in DOCA/WD-treated pigs at higher LV end-diastolic pressures. In LV biopsies, we observed myocyte hypertrophy, a shift toward the stiffer titin isoform N2B, and reduced total titin phosphorylation. LV superoxide production was increased, in part attributable to nitric oxide synthase (NOS) uncoupling, whereas AKT and NOS isoform expression and phosphorylation were unchanged. In conclusion, we developed a large-animal model in which loss of LV capacitance was associated with a titin isoform shift and dysfunctional NOS, in the presence of preserved LV ejection fraction. Our findings identify potential targets for the treatment of HFPEF in a relevant large-animal model.",1596,pubmed,228,Internal medicine:0.7917; Cardiology:0.7526; Heart failure:0.7497; Ejection fraction:0.7456; Heart failure with preserved ejection fraction:0.7339; Medicine:0.7053; Diastole:0.514; Concentric hypertrophy:0.5124; Muscle hypertrophy:0.5057; Stroke volume:0.4344; Cardiomyopathy:0.4284; Titin:0.4254; Endocrinology:0.3743; Myocyte:0.2534; Blood pressure:0.2368; Sarcomere:0.1099,Cardiovascular Function and Risk Factors:1.0; Cardiomyopathy and Myosin Studies:0.9985; Cardiac pacing and defibrillation studies:0.9975,"Animals; Cardiomyopathies; Connectin; Desoxycorticosterone Acetate; Diet, Western; Dilatation, Pathologic; Disease Models, Animal; Female; Heart Atria; Heart Failure; Hyperlipidemias; Hypertension; Hypertrophy; Hypertrophy, Left Ventricular; Mineralocorticoids; Myocytes, Cardiac; Nitric Oxide Synthase; Phosphorylation; Protein Isoforms; Proto-Oncogene Proteins c-akt; Stroke Volume; Superoxides; Swine",Swine
https://openalex.org/W4388414357,https://doi.org/10.1161/circresaha.123.323119,37929582,Myeloid Cell Derived IL1β Contributes to Pulmonary Hypertension in HFpEF,2023,"BACKGROUND: Pulmonary hypertension (PH) in heart failure with preserved ejection fraction (HFpEF) is a common and highly morbid syndrome, but mechanisms driving PH-HFpEF are poorly understood. We sought to determine whether a well-accepted murine model of HFpEF also displays features of PH, and we sought to identify pathways that might drive early remodeling of the pulmonary vasculature in HFpEF. METHODS: Eight-week-old male and female C57BL/6J mice received either Nγ-nitro-L-arginine methyl ester and high-fat diet or control water and diet for 2, 5, and 12 weeks. The db/db mice were studied as a second model of HFpEF. Early pathways regulating PH were identified by bulk and single-cell RNA sequencing. Findings were confirmed by immunostain in lungs of mice or lung slides from clinically performed autopsies of patients with PH-HFpEF. ELISA was used to verify IL-1β (interleukin-1 beta) in mouse lung, mouse plasma, and also human plasma from patients with PH-HFpEF obtained at the time of right heart catheterization. Clodronate liposomes and an anti-IL-1β antibody were utilized to deplete macrophages and IL-1β, respectively, to assess their impact on pulmonary vascular remodeling in HFpEF in mouse models. RESULTS: Nγ-nitro-L-arginine methyl ester/high-fat diet-treated mice developed PH, small vessel muscularization, and right heart dysfunction. Inflammation-related gene ontologies were overrepresented in bulk RNA sequencing analysis of whole lungs, with an increase in CD68+ cells in both murine and human PH-HFpEF lungs. Cytokine profiling showed an increase in IL-1β in mouse and human plasma. Finally, clodronate liposome treatment in mice prevented PH in Nγ-nitro-L-arginine methyl ester/high-fat diet-treated mice, and IL-1β depletion also attenuated PH in Nγ-nitro-L-arginine methyl ester/high-fat diet-treated mice. CONCLUSIONS: We report a novel model for the study of PH and right heart remodeling in HFpEF, and we identify myeloid cell-derived IL-1β as an important contributor to PH in HFpEF.",2024,pubmed,294,Pulmonary hypertension:0.7906; Medicine:0.7384; Heart failure with preserved ejection fraction:0.727; Lung:0.6069; Heart failure:0.5677; Internal medicine:0.5615; Cardiology:0.5261; Cytokine:0.4649; Inflammation:0.4468; Endocrinology:0.3273; Pathology:0.3258; Ejection fraction:0.2579,Pulmonary Hypertension Research and Treatments:0.7788; Cardiovascular Function and Risk Factors:0.072; Cardiac Fibrosis and Remodeling:0.0658,"Animals; Female; Humans; Male; Mice; Clodronic Acid; Heart Failure; Hypertension, Pulmonary; Interleukin-1beta; Mice, Inbred C57BL; Myeloid Cells; Stroke Volume","Humans; Mice; Mice, Inbred C57BL"
https://openalex.org/W3024447667,https://doi.org/10.1016/j.yjmcc.2020.05.008,32422321,A directed network analysis of the cardiome identifies molecular pathways contributing to the development of HFpEF,2020,"AIMS: The metabolic syndrome and associated comorbidities, like diabetes, hypertension and obesity, have been implicated in the development of heart failure with preserved ejection fraction (HFpEF). The molecular mechanisms underlying the development of HFpEF remain to be elucidated. We developed a cardiome-directed network analysis and applied this to high throughput cardiac RNA-sequencing data from a well-established rat model of HFpEF, the obese and hypertensive ZSF1 rat. With this novel system biology approach, we explored the mechanisms underlying HFpEF. METHODS AND RESULTS: Unlike ZSF1-Lean, ZSF1-Obese and ZSF1-Obese rats fed with a high-fat diet (HFD) developed diastolic dysfunction and reduced exercise capacity. The number of differentially expressed genes amounted to 1591 and 1961 for the ZSF1-Obese vs. Lean and ZSF1-Obese+HFD vs. Lean comparison, respectively. For the cardiome-directed network analysis (CDNA) eleven biological processes related to cardiac disease were selected and used as input for the STRING protein-protein interaction database. The resulting STRING network comprised 3.460 genes and 186.653 edges. Subsequently differentially expressed genes were projected onto this network. The connectivity between the core processes within the network was assessed and important bottleneck and hub genes were identified based on their network topology. Classical gene enrichment analysis highlighted many processes related to mitochondrial oxidative metabolism. The CDNA indicated high interconnectivity between five core processes: endothelial function, inflammation, apoptosis/autophagy, sarcomere/cytoskeleton and extracellular matrix. The transcription factors Myc and Peroxisome Proliferator-Activated Receptor-α (Ppara) were identified as important bottlenecks in the overall network topology, with Ppara acting as important link between cardiac metabolism, inflammation and endothelial function. CONCLUSIONS: This study presents a novel systems biology approach, directly applicable to other cardiac disease-related transcriptome data sets. The CDNA approach enabled the identification of critical processes and genes, including Myc and Ppara, that are putatively involved in the development of HFpEF.",2240,pubmed,293,Biology:0.5429; Heart failure:0.431; Gene regulatory network:0.4244; Adiponectin:0.4224; Gene:0.3952; Internal medicine:0.3916; Bioinformatics:0.3837; Cell biology:0.3599; Endocrinology:0.3469; Gene expression:0.3271; Genetics:0.2879; Medicine:0.2731; Diabetes mellitus:0.1775; Insulin resistance:0.1051,Cardiovascular Function and Risk Factors:0.8909; Cardiac Fibrosis and Remodeling:0.04; Cardiovascular Disease and Adiposity:0.0078,"Animals; Computational Biology; Disease Models, Animal; Disease Susceptibility; Gene Expression Profiling; Heart Failure; Male; Obesity; Protein Interaction Mapping; Protein Interaction Maps; Rats; Stroke Volume; Transcriptome; Ventricular Dysfunction; Ventricular Function, Left",Rats
https://openalex.org/W4403967555,https://doi.org/10.1152/ajpheart.00318.2024,39485297,Early pathological mechanisms in a mouse model of heart failure with preserved ejection fraction,2024,"Heart failure with preserved ejection fraction (HFpEF) constitutes more than half of all HF cases, yet evidence-based therapies remain lacking due to limited understanding of its underlying pathological mechanisms. Our study aimed to uncover early pathological mechanisms in HFpEF by exposing mice to dietary conditions resembling a Western diet-rich in fats, salt, and low in fiber-alongside excess mineralocorticoids to replicate significant aspects of human HFpEF. Echocardiography was performed at both 3-wk and 6-wk intervals postchallenge, revealing cardiac alterations as early as 3 wk. While ejection fraction remained preserved, mice exhibited signs of diastolic dysfunction, reduced stroke volume, and left atrial enlargement. In addition, changes in pulmonary flow velocities were noted by the 3-wk mark, suggesting elevated pulmonary pressure. Extracardiac comorbidities included organ congestion, increased adiposity, impaired glucose tolerance, and hypercholesterolemia. Molecular analyses unveiled evidence of low-grade inflammation, oxidative stress, and impaired NO-cGMP-PKG signaling, contributing to the observed decrease in titin phosphorylation, thereby impacting myocardial stiffness. In addition, impaired nitric oxide (NO) signaling might have influenced the alterations observed in coronary flow reserve. Moreover, dysregulation of calcium signaling in cardiomyocytes and reduced sarcoplasmic reticulum (SR) load were observed. Interestingly, elevated phosphorylation of cMyBP-C was linked to preserved ejection fraction despite reduced SR load. We also observed intestinal atrophy, possibly due to a high-fat diet, low dietary fiber intake, and diminished gut perfusion, potentially contributing to systemic low-grade inflammation. These findings reveal how excess mineralocorticoid salt-induced hypertension and dietary factors, like high-fat and low-fiber intake, contribute to cardiac dysfunction and metabolic disturbances, offering insights into early HFpEF pathology in this model.NEW & NOTEWORTHY Our study demonstrates that feeding mice a Western diet rich in fat and salt and low in fiber alongside excess mineralocorticoids replicates aspects of human HFpEF. Cardiac alterations including diastolic dysfunction and decreased stroke volume with preserved ejection fraction were observed. Extracardiac effects included organ congestion, adiposity, glucose intolerance, and intestinal atrophy. Molecular analysis revealed inflammation, oxidative stress, impaired NO-cGMP-PKG signaling pathways, and altered calcium signaling in cardiomyocytes, shedding light on early pathological changes in HFpEF.",2631,pubmed,337,Heart failure with preserved ejection fraction:0.7863; Internal medicine:0.735; Ejection fraction:0.7271; Medicine:0.7094; Heart failure:0.6994; Cardiology:0.6717; Endocrinology:0.5112; Atrophy:0.5009; Stroke volume:0.4984; Diastole:0.4879; Oxidative stress:0.4644; Pathological:0.4349; Blood pressure:0.2285,Cardiovascular Function and Risk Factors:0.9991; Cardiovascular Disease and Adiposity:0.9761; Cardiomyopathy and Myosin Studies:0.9461,"Animals; Stroke Volume; Disease Models, Animal; Heart Failure; Male; Mice, Inbred C57BL; Mice; Oxidative Stress; Ventricular Function, Left; Myocytes, Cardiac; Nitric Oxide; Cyclic GMP-Dependent Protein Kinases; Calcium Signaling; Diet, Western; Signal Transduction","Mice, Inbred C57BL; Mice"
https://openalex.org/W2762062721,https://doi.org/10.1161/circulationaha.117.028202,28974519,Delayed Repolarization Underlies Ventricular Arrhythmias in Rats With Heart Failure and Preserved Ejection Fraction,2017,"BACKGROUND: Heart failure with preserved ejection fraction (HFpEF) represents approximately half of heart failure, and its incidence continues to increase. The leading cause of mortality in HFpEF is sudden death, but little is known about the underlying mechanisms. METHODS: Dahl salt-sensitive rats were fed a high-salt diet (8% NaCl) from 7 weeks of age to induce HFpEF (n=38). Rats fed a normal-salt diet (0.3% NaCl) served as controls (n=13). Echocardiograms were performed to assess systolic and diastolic function from 14 weeks of age. HFpEF-verified and control rats underwent programmed electrical stimulation. Corrected QT interval was measured by surface ECG. The mechanisms of ventricular arrhythmias (VA) were probed by optical mapping, whole-cell patch clamp to measure action potential duration and ionic currents, and quantitative polymerase chain reaction and Western blotting to investigate changes in ion channel expression. RESULTS: After 7 weeks of a high-salt diet, 31 of 38 rats showed diastolic dysfunction and preserved ejection fraction along with signs of heart failure and hence were diagnosed with HFpEF. Programmed electric stimulation demonstrated increased susceptibility to VA in HFpEF rats (P<0.001 versus controls). The arrhythmogenicity index was increased (P<0.001) and the corrected QT interval on ECG was prolonged (P<0.001) in HFpEF rats. Optical mapping of HFpEF hearts demonstrated prolonged action potentials (P<0.05) and multiple reentry circuits during induced VA. Single-cell recordings of cardiomyocytes isolated from HFpEF rats confirmed a delay of repolarization (P=0.001) and revealed downregulation of transient outward potassium current (Ito; P<0.05). The rapid components of the delayed rectifier potassium current (IKr) and the inward rectifier potassium current (IK1) were also downregulated (P<0.05), but the current densities were much lower than for Ito. In accordance with the reduction of Ito, both Kcnd3 transcript and Kv4.3 protein levels were decreased in HFpEF rat hearts. CONCLUSIONS: Susceptibility to VA was markedly increased in rats with HFpEF. Underlying abnormalities include QT prolongation, delayed repolarization from downregulation of potassium currents, and multiple reentry circuits during VA. Our findings are consistent with the hypothesis that potassium current downregulation leads to abnormal repolarization in HFpEF, which in turn predisposes to VA and sudden cardiac death.",2456,pubmed,348,Medicine:0.9178; Cardiology:0.7754; Ejection fraction:0.7532; Internal medicine:0.7191; Heart failure:0.6755; Repolarization:0.6038; Ventricular Repolarization:0.4752; Electrophysiology:0.2856,Cardiac electrophysiology and arrhythmias:0.9843; Takotsubo Cardiomyopathy and Associated Phenomena:0.0045; Cardiovascular Function and Risk Factors:0.0021,"Action Potentials; Animals; Arrhythmias, Cardiac; Cardiac Pacing, Artificial; Disease Models, Animal; Electrocardiography; Fibrosis; Heart Failure; Heart Rate; Heart Ventricles; Isolated Heart Preparation; Male; Patch-Clamp Techniques; Potassium; Rats, Inbred Dahl; Shal Potassium Channels; Sodium Chloride, Dietary; Stroke Volume; Time Factors; Ventricular Dysfunction, Left; Ventricular Function, Left; Voltage-Sensitive Dye Imaging","Rats, Inbred Dahl"
https://openalex.org/W3196000396,https://doi.org/10.1016/j.jacbts.2021.07.004,34466752,Molecular Signature of HFpEF,2021,"In this study the authors used systems biology to define progressive changes in metabolism and transcription in a large animal model of heart failure with preserved ejection fraction (HFpEF). Transcriptomic analysis of cardiac tissue, 1-month post-banding, revealed loss of electron transport chain components, and this was supported by changes in metabolism and mitochondrial function, altogether signifying alterations in oxidative metabolism. Established HFpEF, 4 months post-banding, resulted in changes in intermediary metabolism with normalized mitochondrial function. Mitochondrial dysfunction and energetic deficiencies were noted in skeletal muscle at early and late phases of disease, suggesting cardiac-derived signaling contributes to peripheral tissue maladaptation in HFpEF. Collectively, these results provide insights into the cellular biology underlying HFpEF progression.",889,pubmed,114,Heart failure with preserved ejection fraction:0.8187; Heart failure:0.5328; Biology:0.4822; Mitochondrion:0.4698; Internal medicine:0.4571; Oxidative metabolism:0.4561; Maladaptation:0.4341; Skeletal muscle:0.4257; Cardiology:0.38; Medicine:0.3471; Cell biology:0.3108; Metabolism:0.2948; Ejection fraction:0.2691; Genetics:0.1567,Cardiovascular Function and Risk Factors:0.9997; Heart Failure Treatment and Management:0.9992; Fuel Cells and Related Materials:0.9964,,
https://openalex.org/W3085177171,https://doi.org/10.3390/antiox9090860,32937823,Oxidative Stress and Inflammatory Modulation of Ca2+ Handling in Metabolic HFpEF-Related Left Atrial Cardiomyopathy,2020,"Metabolic syndrome-mediated heart failure with preserved ejection fraction (HFpEF) is commonly accompanied by left atrial (LA) cardiomyopathy, significantly affecting morbidity and mortality. We evaluate the role of reactive oxygen species (ROS) and intrinsic inflammation (TNF-α, IL-10) related to dysfunctional Ca2+ homeostasis of LA cardiomyocytes in a rat model of metabolic HFpEF. ZFS-1 obese rats showed features of HFpEF and atrial cardiomyopathy in vivo: increased left ventricular (LV) mass, E/e' and LA size and preserved LV ejection fraction. In vitro, LA cardiomyocytes exhibited more mitochondrial-fission (MitoTracker) and ROS-production (H2DCF). In wildtype (WT), pro-inflammatory TNF-α impaired cellular Ca2+ homeostasis, while anti-inflammatory IL-10 had no notable effect (confocal microscopy; Fluo-4). In HFpEF, TNF-α had no effect on Ca2+ homeostasis associated with decreased TNF-α receptor expression (western blot). In addition, IL-10 substantially improved Ca2+ release and reuptake, while IL-10 receptor-1 expression was unaltered. Oxidative stress in metabolic syndrome mediated LA cardiomyopathy was increased and anti-inflammatory treatment positively affected dysfunctional Ca2+ homeostasis. Our data indicates, that patients with HFpEF-related LA dysfunction might profit from IL-10 targeted therapy, which should be further explored in preclinical trials.",1386,pubmed,180,Oxidative stress:0.772; Cardiology:0.6364; Internal medicine:0.6304; Medicine:0.5857; Cardiomyopathy:0.5626; Oxidative phosphorylation:0.4508; Heart failure:0.3988; Chemistry:0.1665; Biochemistry:0.0905,Cardiovascular Function and Risk Factors:0.9999; Heart Failure Treatment and Management:0.9985; Cardiac Fibrosis and Remodeling:0.9981,,
https://openalex.org/W4200087396,https://doi.org/10.1161/circulationaha.121.054976,34905696,Mechanisms of Sinoatrial Node Dysfunction in Heart Failure With Preserved Ejection Fraction,2021,"BACKGROUND: The ability to increase heart rate during exercise and other stressors is a key homeostatic feature of the sinoatrial node (SAN). When the physiological heart rate response is blunted, chronotropic incompetence limits exercise capacity, a common problem in patients with heart failure with preserved ejection fraction (HFpEF). Despite its clinical relevance, the mechanisms of chronotropic incompetence remain unknown. METHODS: Dahl salt-sensitive rats fed a high-salt diet and C57Bl6 mice fed a high-fat diet and an inhibitor of constitutive nitric oxide synthase (Nω-nitro-L-arginine methyl ester [L-NAME]; 2-hit) were used as models of HFpEF. Myocardial infarction was created to induce HF with reduced ejection fraction. Rats and mice fed with a normal diet or those that had a sham surgery served as respective controls. A comprehensive characterization of SAN function and chronotropic response was conducted by in vivo, ex vivo, and single-cell electrophysiologic studies. RNA sequencing of SAN was performed to identify transcriptomic changes. Computational modeling of biophysically-detailed human HFpEF SAN was created. RESULTS: Rats with phenotypically-verified HFpEF exhibited limited chronotropic response associated with intrinsic SAN dysfunction, including impaired β-adrenergic responsiveness and an alternating leading pacemaker within the SAN. Prolonged SAN recovery time and reduced SAN sensitivity to isoproterenol were confirmed in the 2-hit mouse model. Adenosine challenge unmasked conduction blocks within the SAN, which were associated with structural remodeling. Chronotropic incompetence and SAN dysfunction were also found in rats with HF with reduced ejection fraction. Single-cell studies and transcriptomic profiling revealed HFpEF-related alterations in both the ""membrane clock"" (ion channels) and the ""Ca2+ clock"" (spontaneous Ca2+ release events). The physiologic impairments were reproduced in silico by empirically-constrained quantitative modeling of human SAN function. CONCLUSIONS: Chronotropic incompetence and SAN dysfunction were seen in both models of HF. We identified that intrinsic abnormalities of SAN structure and function underlie the chronotropic response in HFpEF.",2229,pubmed,302,Medicine:0.9355; Chronotropic:0.924; Cardiology:0.8095; Internal medicine:0.7902; Sinoatrial node:0.7214; Heart failure with preserved ejection fraction:0.6344; Heart failure:0.5572; Ejection fraction:0.4606; Electrocardiography:0.3866; Cardiac dysfunction:0.383; Heart rate:0.3414; Electrical conduction system of the heart:0.333; Ventricular function:0.3112; Hemodynamics:0.293; Cardiac function curve:0.2887; Stroke volume:0.2557,Cardiovascular Function and Risk Factors:0.631; Cardiac Fibrosis and Remodeling:0.1764; Heart Failure Treatment and Management:0.0572,Animals; Heart Failure; Humans; Rats; Sinoatrial Node; Stroke Volume,Humans; Rats
https://openalex.org/W2346744204,https://doi.org/10.1002/ejhf.524,27135883,Novel Pathomechanisms of Cardiomyocyte Dysfunction in a Model of Heart Failure with Preserved Ejection Fraction,2016,"AIMS: Heart failure with preserved ejection fraction (HFpEF) is increasingly common, but the underlying cellular mechanisms are not well understood. We investigated cardiomyocyte function and the role of SEA0400, an Na(+) /Ca(2+) exchanger (NCX) inhibitor in a rat model of chronic kidney disease (CKD) with HFpEF. METHODS AND RESULTS: Male Wistar rats were subjected to subtotal nephrectomy (NXT) or sham operation (Sham). After 8 and 24 weeks, in vivo (haemodynamics, echocardiography) and in vitro function (LV cardiomyocyte cell shortening (CS), and Ca(2+) transients (CaT)) were determined without and with SEA0400. In a subgroup of rats, SEA0400 or vehicle was given p.o. (1 mg/kg b.w.) between week 8 and 24. NXT resulted in stable compensated CKD and HFpEF [hypertrophied left ventricle, prolonged LV isovolumetric relaxation constant TAU (IVRc TAU), elevated end diastolic pressure (EDP), increased lung weight (pulmonary congestion), and preserved LV systolic function (EF, dP/dt)]. In NXT cardiomyocytes, the amplitude of CS and CaT were unchanged but relaxation and CaT decay were progressively prolonged at 8 and 24 weeks vs. Sham, individually correlating with diastolic dysfunction in vivo. NCX forward mode activity (caffeine response) was progressively reduced, while NCX protein expression was up-regulated, suggesting increased NCX reverse mode activity in NXT. SEA0400 acutely improved relaxation in NXT in vivo and in cardiomyocytes and improved cardiac remodelling and diastolic function when given chronically. CONCLUSIONS: This model of renal HFpEF is associated with slowed relaxation of LV cardiomyocytes. Treatment with SEA0400 improved cardiomyocyte function, remodelling, and HFpEF.",1711,pubmed,245,Internal medicine:0.7728; Medicine:0.7668; Heart failure:0.7304; Heart failure with preserved ejection fraction:0.7293; Isovolumetric contraction:0.6996; Cardiology:0.6739; Diastole:0.6635; Ventricle:0.611; In vivo:0.5685; Ejection fraction:0.5595; Endocrinology:0.3759; Blood pressure:0.2121; Biology:0.0753; Biotechnology:0,Cardiac electrophysiology and arrhythmias:0.7926; Cardiovascular Function and Risk Factors:0.086; Heart Failure Treatment and Management:0.036,"Aniline Compounds; Animals; Caffeine; Calcium; Central Nervous System Stimulants; Echocardiography; Heart Failure; Hypertrophy, Left Ventricular; Male; Myocytes, Cardiac; Phenyl Ethers; Rats; Rats, Wistar; Renal Insufficiency, Chronic; Sodium-Calcium Exchanger; Stroke Volume","Rats; Rats, Wistar"
https://openalex.org/W4281738559,https://doi.org/10.1093/cvr/cvac066.101,,"Cardiac myosin inhibitor, mavacamten, improves myocardial relaxation in mouse HFpEF model",2022,"Abstract Funding Acknowledgements Type of funding sources: Public grant(s) – National budget only. Main funding source(s): National Medical Research Council (NMRC) Background / Introduction There are currently no treatments for directly improving diastolic dysfunction in heart failure with preserved ejection fraction (HFpEF). Improving myocardial relaxation via manipulating sarcomere function has great potential to unveil novel targets for treating HFpEF. Mavacamten, a small molecule inhibitor of myosin ATPase, has been developed through drug screening as a treatment for hypertrophic cardiomyopathy (HCM), and it is currently being tested in HFpEF patients. Interestingly, emerging evidence suggests that mavacamten may not only modulate contractility but may also modulate myocardial relaxation. Purpose The aim of this study was to investigate whether mavacamten directly modulates sarcomere mechanical properties to improve myocardial relaxation in a mouse HFpEF model. Methods Eight to ten weeks old adult male C57Bl/6 mice were fed with (1) standard diet or (2) high-fat diet (HFD) + L-NAME to induce HFpEF (n=10 mice/group). Cardiac function was assessed by transthoracic two-dimensional echocardiography at baseline and after 15 weeks. Mouse myofibrils (n=10-15 per animals) were obtained from control and HFpEF mice using a triton X-100-based skinning method. The contractile function of the sarcomere with or without the presence of mavacamten were investigated using a myofibril mechanical system. General myofibril mechanical parameters measured included resting and maximal tension (RT, FMAX, mN/mm2), rate constant of tension development (kACT, S-1), duration of linear relaxation phase (tLIN, mSec) and rate constant of linear and exponential phase relaxation (linear and exponential kREL, S-1). Furthermore, force production as a function of the bathing Ca2+ concentration (pCa 4.5-9.0) was measured to determine the Ca2+ sensitivity of the myofibrils. Results As previously reported, C57Bl/6 mice fed with HFD + L-NAME developed cardiac hypertrophy, diastolic dysfunction, exercise intolerance despite having preserved systolic function at 15 weeks. Mechanical analysis showed myofibrils isolated from HFpEF mice has mildly reduced force generation, significantly higher stiffness and elevated Ca2+ sensitivity, compared with control animals. Ex vivo treatment of mavacamten completely normalised Ca2+ sensitivity of the myofibrils from HFpEF animals. Interestingly, mavacamten treatment further accelerated the rate of linear phase relaxation (linear kREL). Conclusion This is the first study to characterise in detail the mechanical properties of myofibrils in a mouse HFpEF model. We demonstrated myosin ATPase inhibition using mavacamten could normalise elevated Ca2+ sensitivity as well as facilitate relaxation kinetics at the sarcomere level in HFpEF. These findings position mavacamten to be a potential therapeutic intervention for improving diastolic function in patients with HFpEF.",3016,openalex,415,Sarcomere:0.7854; Myofibril:0.7358; Contractility:0.6881; Cardiology:0.6766; Internal medicine:0.6475; Heart failure with preserved ejection fraction:0.6461; Heart failure:0.603; Diastole:0.5899; Myosin:0.5864; Medicine:0.5801; Ejection fraction:0.5246; Diastolic function:0.442; Cardiac function curve:0.4258; Myocyte:0.3238; Chemistry:0.234; Blood pressure:0.1401; Biochemistry:0,Cardiomyopathy and Myosin Studies:0.9986; Cardiovascular Function and Risk Factors:0.997; Cardiovascular Disease and Adiposity:0.955,,
https://openalex.org/W4389160605,https://doi.org/10.1016/j.hlc.2023.09.017,38040503,Dapansutrile Ameliorates Atrial Inflammation and Vulnerability to Atrial Fibrillation in HFpEF Rats,2023,"BACKGROUND: Numerous studies have demonstrated that NLRP3 inflammasomes are key players in the progression of atrial fibrillation (AF) in heart failure with preserved ejection fraction (HFpEF). This study aimed to analyse the effect of pharmacological inhibition of NLRP3 inflammasomes using dapansutrile (DAPA), an oral NLRP3-specific inhibitor. METHODS: Dahl salt-sensitive rats were fed a high-salt diet (HSD, 8% NaCl) to induce HFpEF. Either DAPA (200 mg/kg/day) or saline was administered daily via gavage for 4 weeks. Electrophysiological studies were performed to assess the AF inducibility. Confocal fluorescence microscopy and western blot analysis were used to study calcium handling. RESULTS: The DAPA-treated HFpEF rats were less prone to AF induction by programmed electrical stimulation. Atrial fibrosis and inflammation were attenuated in DAPA-treated HFpEF hearts. Dapansutrile treatment showed an increase in the Ca2+ transient sarcoplasmic reticulum-Ca2+ load, and protein expression of SERCA2; NCX1 and phosphorylation of PLB at Thr17 were decreased following DAPA treatment. The increased frequency of spontaneous Ca2+ spark in the HFpEF rats was related to the hyperphosphorylation of RyR2 at Ser2814, which was blunted in DAPA treatment. Dapansutrile treatment also decreased the phosphorylation of CaMKII expression in the HFpEF rats. Mechanistically, DAPA exerts an anti-arrhythmic effect, mainly by inhibiting activation of the NLRP3 inflammasome. CONCLUSION: These data provide evidence that the beneficial cardiac effects of DAPA are associated with reduced atrial inflammation and improved CaMKII-dependent Ca2+-handling abnormalities via blunting activation of the NLRP3 inflammasome, and DAPA may be beneficial in a rat model of HFpEF-induced AF.",1776,pubmed,246,Medicine:0.953; Atrial fibrillation:0.879; Cardiology:0.7385; Internal medicine:0.6312; Vulnerability (computing):0.506; Inflammation:0.4686; Computer security:0; Computer science:0,Inflammasome and immune disorders:0.4736; Atrial Fibrillation Management and Outcomes:0.1865; Cardiac Fibrosis and Remodeling:0.0515,"Rats; Animals; Atrial Fibrillation; Heart Failure; NLR Family, Pyrin Domain-Containing 3 Protein; Inflammasomes; Stroke Volume; Calcium-Calmodulin-Dependent Protein Kinase Type 2; Rats, Inbred Dahl; Heart Atria; Inflammation; Nitriles; Sulfones","Rats; Rats, Inbred Dahl"
https://openalex.org/W4385060542,https://doi.org/10.7150/ijbs.83432,37564202,A novel mouse model of heart failure with preserved ejection fraction after chronic kidney disease induced by retinol through JAK/STAT pathway,2023,"Heart failure is the leading cardiovascular comorbidity in chronic kidney disease (CKD) patients. Among the types of heart failure according to ejection fraction, heart failure with preserved ejection fraction (HFpEF) is the most common type of heart failure in CKD patients. However, the specific animal model of HFpEF afer CKD is currently missing. In this study, we determined the heart failure characteristics and dynamic progression in CKD mice. Based on these features, we established the practical HFpEF after CKD mouse model using 5/6 subtotal nephrectomy and retinol administration. Active apoptosis, impaired calcium handling, an imbalance between eNOS and oxidative stress and engaged endoplasmic reticulum stress were observed in our model. RNSseq revealed distinct gene expression patterns between HFpEF after CKD and metabolic induced-HFpEF. Furthermore, we revealed the potential mechanism of the pro-HFpEF effect of retinol. Serum accumulation of retinol in CKD prompts myocardial hypertrophy and fibrosis by activating JAK2 and phosphorylating STAT5. Finally, using small molecule inhibitor AC-4-130, we found STAT5 phosphorylation inhibitor may be a potential intervention target for HFpEF after CKD. In conclusion, we provide a novel animal model and a potential drug target for HFpEF intervention in CKD.",1324,pubmed,191,Heart failure with preserved ejection fraction:0.8582; Medicine:0.808; Heart failure:0.7699; Kidney disease:0.6799; Internal medicine:0.6691; Ejection fraction:0.6458; Cardiology:0.5783; Endocrinology:0.493; Oxidative stress:0.454,Adenosine and Purinergic Signaling:0.9977; MicroRNA in disease regulation:0.9976; Liver Disease Diagnosis and Treatment:0.9939,"Mice; Animals; Heart Failure; Vitamin A; Janus Kinases; STAT5 Transcription Factor; Stroke Volume; STAT Transcription Factors; Signal Transduction; Disease Models, Animal; Renal Insufficiency, Chronic",Mice
https://openalex.org/W4224981612,https://doi.org/10.1007/s00210-022-02243-1,35476142,Canagliflozin mitigates ferroptosis and ameliorates heart failure in rats with preserved ejection fraction,2022,"Recently, hypoglycemic drugs belonging to sodium-glucose cotransporter 2 inhibitors (SGLT2i) have generated significant interest due to their clear cardiovascular benefits for heart failure with preserved ejection fraction (HFpEF) since there are no effective drugs that may improve clinical outcomes for these patients over a prolonged period. But, the underlying mechanisms remain unclear, particularly its effects on ferroptosis, a newly defined mechanism of iron-dependent non-apoptotic cell death during heart failure (HF). Here, with proteomics, we demonstrated that ferroptosis might be a key mechanism in a rat model of high-salt diet-induced HFpEF, characterized by iron overloading and lipid peroxidation, which was blocked following treatment with canagliflozin. Data are available via ProteomeXchange with identifier PXD029031. The ferroptosis was evaluated with the levels of acyl-CoA synthetase long-chain family member 4, glutathione peroxidase 4, ferritin heavy chain 1, transferrin receptor, Ferroportin 1, iron, glutathione, malondialdehyde, and 4-hydroxy-trans-2-nonenal. These findings highlight the fact that targeting ferroptosis may serve as a cardioprotective strategy for HFpEF prevention and suggest that canagliflozin may exert its cardiovascular benefits partly via its mitigation of ferroptosis.",1324,pubmed,174,Lipid peroxidation:0.6056; Heart failure:0.5974; Ferritin:0.5412; Canagliflozin:0.5389; Medicine:0.5264; Pharmacology:0.5227; Ferroportin:0.4903; GPX4:0.4669; Ejection fraction:0.4451; Malondialdehyde:0.4408; Oxidative stress:0.4204; Internal medicine:0.417; Heart failure with preserved ejection fraction:0.4112; Endocrinology:0.3761; Diabetes mellitus:0.2592; Glutathione peroxidase:0.2567; Superoxide dismutase:0.2013; Anemia:0.1527; Type 2 Diabetes Mellitus:0.1064; Hepcidin:0.074,Ferroptosis and cancer prognosis:0.9989; Iron Metabolism and Disorders:0.9956; Trace Elements in Health:0.994,Animals; Canagliflozin; Ferroptosis; Heart Failure; Iron; Rats; Stroke Volume,Rats
https://openalex.org/W2625600394,https://doi.org/10.1530/endoabs.49.gp217,,Thyroid function in heart failure with preserved ejection fraction (HFpEF) - evaluation of serum and myocardial thyroid hormones in an animal model of HFpEF,2017,"Trabajo presentado en el 19th European Congress of Endocrinology, celebrado en Lisboa (Portugal) del 20 al 23 de mayo de 2017.",126,openalex,21,Heart failure with preserved ejection fraction:0.7869; Thyroid:0.6813; Hormone:0.654; Thyroid hormones:0.6468; Internal medicine:0.6067; Heart failure:0.5905; Medicine:0.5869; Cardiology:0.5705; Thyroid function:0.5172; Ejection fraction:0.4476; Endocrinology:0.3291,Hormonal Regulation and Hypertension:0.7864; Cardiovascular Function and Risk Factors:0.7636; Heart Failure Treatment and Management:0.7386,,
https://openalex.org/W2496896575,https://doi.org/10.1161/circresaha.116.308904,27470639,Alternative Splicing of Titin Restores Diastolic Function in an HFpEF-Like Genetic Murine Model ( <i>Ttn</i> <sup>ΔIAjxn</sup> ),2016,"RATIONALE: Patients with heart failure with preserved ejection fraction (HFpEF) experience elevated filling pressures and reduced ventricular compliance. The splicing factor RNA-binding motif 20 (RBM20) regulates the contour length of titin's spring region and thereby determines the passive stiffness of cardiomyocytes. Inhibition of RBM20 leads to super compliant titin isoforms (N2BAsc) that reduce passive stiffness. OBJECTIVE: To determine the therapeutic potential of upregulating compliant titin isoforms in an HFpEF-like state in the mouse. METHODS AND RESULTS: Constitutive and inducible cardiomyocyte-specific RBM20-inhibited mice were produced on a Ttn(ΔIAjxn) background to assess the effect of upregulating compliant titin at the cellular and organ levels. Genetic deletion of the I-band-A-band junction (IAjxn) in titin increases strain on the spring region and causes a HFpEF-like syndrome in the mouse without pharmacological or surgical intervention. The increased strain represents a mechanical analog of deranged post-translational modification of titin that results in increased passive myocardial stiffness in patients with HFpEF. On inhibition of RBM20 in Ttn(ΔIAjxn) mice, compliant titin isoforms were expressed, diastolic function was normalized, exercise performance was improved, and pathological hypertrophy was attenuated. CONCLUSIONS: We report for the first time a benefit from upregulating compliant titin isoforms in a murine model with HFpEF-like symptoms. Constitutive and inducible RBM20 inhibition improves diastolic function resulting in greater tolerance to exercise. No effective therapies exists for treating this pervasive syndrome; therefore, our data on RBM20 inhibition are clinically significant.",1742,pubmed,232,Titin:0.9795; Heart failure with preserved ejection fraction:0.6675; Diastole:0.6432; Splicing factor:0.5986; Diastolic heart failure:0.5494; Internal medicine:0.5406; Alternative splicing:0.5357; Medicine:0.5238; Heart failure:0.484; Gene isoform:0.4811; Cardiology:0.4673; Endocrinology:0.3788; Ejection fraction:0.3376; Chemistry:0.306; Myocyte:0.2665; Sarcomere:0.2478; Biochemistry:0.1319; Gene:0.0937; Blood pressure:0.0734,Cardiomyopathy and Myosin Studies:0.9408; Congenital heart defects research:0.0162; Cardiac Fibrosis and Remodeling:0.0128,"Alternative Splicing; Animals; Blood Pressure; Connectin; Disease Models, Animal; Heart Failure; Male; Mice; Mice, Transgenic; Myocytes, Cardiac; Physical Conditioning, Animal; Protein Isoforms; Stroke Volume","Mice; Mice, Transgenic"
https://openalex.org/W3012056193,https://doi.org/10.1177/1535370220912699,32183553,The role of inflammation in driving left ventricular remodeling in a pre-HFpEF model,2020,"The incidence of HFpEF continues to increase and ∼2/3 of the patient population are post-menopausal women. Unfortunately, most studies focus on the use of male animal models of remodeling. In this study, however, using female rats to set a model of pre-HFpEF, we provide insights to possible mechanisms that contribute to HFpEF development in humans that will lead us to a better understanding of the underlying pathophysiology of HFpEF.",437,pubmed,69,Inflammation:0.7593; Ventricular remodeling:0.6877; Cardiology:0.5941; Medicine:0.568; Internal medicine:0.4738; Heart failure:0.2979,Cardiovascular Function and Risk Factors:0.9998; Cardiac Valve Diseases and Treatments:0.9973; Cardiac Structural Anomalies and Repair:0.9968,"Animals; Apoptosis; Cytokines; Female; Heart Failure; Heart Ventricles; Myocytes, Cardiac; Oxidative Stress; Protein Carbonylation; Rats; Rats, Inbred F344; Troponin I; Ventricular Remodeling","Rats; Rats, Inbred F344"
https://openalex.org/W4205185590,https://doi.org/10.1016/j.yjmcc.2021.12.015,34998831,Mitochondrial protein hyperacetylation underpins heart failure with preserved ejection fraction in mice,2022,"Over 50% of patients with heart failure have preserved ejection fraction (HFpEF), rather than reduced ejection fraction (HFrEF). The prevalence of HFpEF continues to increase, while the pathogenic mechanisms underlying HFpEF remain largely elusive and evidence-based therapies are still lacking. This study was designed to investigate the metabolic signature of HFpEF and test the potential therapeutic intervention in a mouse model. By utilizing a ""3-Hit"" HFpEF mouse model, we observed a global protein hyperacetylation in the HFpEF hearts as compared to the pressure overload-induced HFrEF and adult/aged non-heart failure (NHF) hearts. Acetylome analysis identified that a large proportion of the hyperacetylated proteins (74%) specific to the HFpEF hearts are in mitochondria, and enriched in tricarboxylic acid (TCA) cycle, oxidative phosphorylation (OXPHOS), and fatty acid oxidation. Further study showed that the elevated protein acetylation in the HFpEF hearts was correlated with reduced NAD+/NADH ratio, impaired mitochondrial function, and depleted TCA cycle metabolites. Normalization of NAD+/NADH ratio by supplementation of nicotinamide riboside (NR) for 30 days downregulated the acetylation level, improved mitochondrial function and ameliorated HFpEF phenotypes. Therefore, our study identified a distinct protein acetylation pattern in the HFpEF hearts, and proposed NR as a promising agent in lowering acetylation and mitigating HFpEF phenotypes in mice.",1475,pubmed,204,Heart failure with preserved ejection fraction:0.7284; Acetylation:0.6731; Heart failure:0.5836; NAD+ kinase:0.5716; Internal medicine:0.5693; Mitochondrion:0.5488; Ejection fraction:0.514; Oxidative phosphorylation:0.5018; Cardiology:0.4769; Medicine:0.473; Citric acid cycle:0.4656; Endocrinology:0.3581; Biochemistry:0.2941; Chemistry:0.2792; Metabolism:0.2174; Gene:0.0983; Enzyme:0.0631,Cardiovascular Function and Risk Factors:0.9986; Mitochondrial Function and Pathology:0.9968; Adipose Tissue and Metabolism:0.9935,"Aged; Animals; Disease Models, Animal; Heart Failure; Humans; Mice; Mitochondrial Proteins; NAD; Stroke Volume; Ventricular Function, Left",Humans; Mice
https://openalex.org/W4280495447,https://doi.org/10.1155/2022/7377877,35633883,The Endothelial Dysfunction Could Be a Cause of Heart Failure with Preserved Ejection Fraction Development in a Rat Model,2022,"50% of patients with heart failure have a preserved ejection fraction (HFpEF). Numerous studies have investigated the pathophysiological mechanisms of HFpEF and have shown that endothelial dysfunction plays an important role in HFpEF. Yet no studies answered whether endothelial dysfunction could be the cause or is the consequence of HFpEF. Recently, we have shown that the endothelial overexpression of human β 3-adrenoreceptor (Tgβ 3) in rats leads to the slow development of diastolic dysfunction over ageing. The aim of the study is to decipher the involvement of endothelial dysfunction in the HFpEF development. For that, we investigated endothelial and cardiac function in 15-, 30-, and 45-week-old wild-type (WT) and Tgβ 3 rats. The aortic expression of • NO synthase (NOS) isoforms was evaluated by Western blot. Finally, electron paramagnetic resonance measurements were performed on aortas to evaluate • NO and O2 •- production. Vascular reactivity was altered as early as 15 weeks of age in response to isoproterenol in Tgβ 3 aortas and mesenteric arteries. NOS1 (neuronal NOS) expression was higher in the Tgβ 3 aorta at 30 and 45 weeks of age (30 weeks: WT: 1.00 ± 0.21; Tgβ 3: 6.08 ± 2.30; 45 weeks: WT: 1.00 ± 0.12; Tgβ 3: 1.55 ± 0.17; p < 0.05). Interestingly, the endothelial NOS (NOS3) monomer form is increased in Tgβ 3 rats at 45 weeks of age (ratio NOS3 dimer/NOS3 monomer; WT: 1.00 ± 0.37; Tgβ 3: 0.13 ± 0.05; p < 0.05). Aortic •NO production was increased by NOS2 (inducible NOS) at 15 weeks of age in Tgβ 3 rats (+52% vs. WT). Aortic O2 •- production was increased in Tgβ 3 rats at 30 and 45 weeks of age (+75% and+76%, respectively, vs. WT, p < 0.05). We have shown that endothelial dysfunction and oxidative stress are present as early as 15 weeks of age and therefore conclude that endothelial dysfunction could be a cause of HFpEF development.",1873,pubmed,319,Ejection fraction:0.7734; Heart failure:0.7107; Cardiology:0.6531; Internal medicine:0.5989; Endothelial dysfunction:0.583; Fraction (chemistry):0.4854; Medicine:0.4439; Chemistry:0.2492; Chromatography:0.0601,Nitric Oxide and Endothelin Effects:0.9997; Cardiovascular Function and Risk Factors:0.9996; Cardiac Ischemia and Reperfusion:0.9973,"Animals; Aorta; Heart Failure; Humans; Rats; Stroke Volume; Vascular Diseases; Ventricular Function, Left",Humans; Rats
